modo_ideal,kp,kd,ka,error_medio,error_max,oscilacion,salidas_de_pista,tiempo_fuera_de_pista,tiempo_detenido_forzado,esfuerzo_medio,tiempo,recorrido_completo,puntuacion
False,20.0,2.0,15.0,0.4749602186357076,0.9949482630443066,0.21276595744680885,0,0.0,0.0,51.9,46.99999999999993,True,0.6026197931037929
False,10.0,5.0,10.0,0.539740852838853,0.9919901523713558,0.23404255319148973,0,0.0,0.0,56.16276595744681,46.99999999999993,True,0.6801663847537468
False,10.0,5.0,0.0,0.5352077325696528,0.977699689123768,0.2553191489361706,0,0.0,0.0,56.02340425531915,46.99999999999993,True,0.6883992219313552
False,3.0,2.0,10.0,0.570088315415413,0.9851822364002369,0.23404255319148973,0,0.0,0.0,45.024468085106385,46.99999999999993,True,0.7105138473303069
False,10.0,5.0,5.0,0.5426040826817258,0.977699689123768,0.29787234042553234,0,0.0,0.0,55.92446808510638,46.99999999999993,True,0.7213274869370452
False,10.0,5.0,15.0,0.5471994654229306,0.977699689123768,0.3191489361702132,0,0.0,0.0,55.738297872340425,46.99999999999993,True,0.7386888271250586
False,20.0,2.0,10.0,0.5882661649737386,0.9951101801377665,0.27659574468085146,0,0.0,0.0,50.47659574468085,46.99999999999993,True,0.7542236117822495
False,5.0,2.0,0.0,0.579450881254748,0.9949482630443066,0.3191489361702132,0,0.0,0.0,46.276595744680854,46.99999999999993,True,0.7709402429568759
False,20.0,0.0,0.0,0.5818071727826781,0.9999080659068532,0.3191489361702132,0,0.0,0.0,48.30531914893617,46.99999999999993,True,0.7732965344848061
False,20.0,0.0,5.0,0.6166377683439568,0.9999080659068532,0.27659574468085146,0,0.0,0.0,48.48936170212766,46.99999999999993,True,0.7825952151524677
False,1.0,2.0,10.0,0.5646080200580872,0.9983646718161322,0.38297872340425587,0,0.0,0.0,42.95106382978724,46.99999999999993,True,0.7943952541006407
False,15.0,5.0,5.0,0.5533915178448006,0.977699689123768,0.40425531914893675,0,0.0,0.0,56.86063829787234,46.99999999999993,True,0.7959447093341626
False,20.0,0.0,15.0,0.6208255984123899,0.9999080659068532,0.29787234042553234,0,0.0,0.0,49.04468085106383,46.99999999999993,True,0.7995490026677093
False,1.0,0.0,5.0,0.5973468084559574,0.9733951043165593,0.3404255319148941,0,0.0,0.0,39.511702127659575,46.99999999999993,True,0.8016021276048939
False,15.0,5.0,10.0,0.5496637602307664,0.9685029440054326,0.4255319148936177,0,0.0,0.0,58.09893617021277,46.99999999999993,True,0.8049829091669369
False,15.0,5.0,0.0,0.5436561460261602,0.9910714289433467,0.4468085106382986,0,0.0,0.0,56.763829787234044,46.99999999999993,True,0.8117412524091393
False,5.0,0.0,5.0,0.5711378468557289,0.9910714289433467,0.40425531914893675,0,0.0,0.0,41.01702127659574,46.99999999999993,True,0.8136910383450909
False,1.0,2.0,5.0,0.5636299083611457,0.9802787183232797,0.4255319148936177,0,0.0,0.0,43.297872340425535,46.99999999999993,True,0.8189490572973163
False,2.0,0.0,10.0,0.5033389906967485,0.9999080659068532,0.531914893617022,0,0.0,0.0,40.458510638297874,46.99999999999993,True,0.8224879268669617
False,5.0,2.0,5.0,0.5818824591280172,0.9795975515415202,0.4255319148936177,0,0.0,0.0,46.42127659574468,46.99999999999993,True,0.8372016080641878
False,5.0,0.0,0.0,0.5668202997947631,0.9910714289433467,0.46808510638297945,0,0.0,0.0,40.76276595744681,46.99999999999993,True,0.8476713636245508
False,5.0,2.0,10.0,0.5861576554019565,0.9949482630443066,0.4468085106382986,0,0.0,0.0,46.07234042553191,46.99999999999993,True,0.8542427617849356
False,15.0,5.0,15.0,0.5630401832451023,0.977699689123768,0.5106382978723412,0,0.0,0.0,56.736170212765956,46.99999999999993,True,0.869423161968507
False,3.0,0.0,10.0,0.6033338938618853,0.9639340482047504,0.4468085106382986,0,0.0,0.0,41.0,46.99999999999993,True,0.8714190002448644
False,1.0,0.0,10.0,0.6053636309955513,0.9989835722965074,0.46808510638297945,0,0.0,0.0,39.898936170212764,46.99999999999993,True,0.886214694825339
False,3.0,0.0,15.0,0.6082332395423957,0.9768836958872206,0.46808510638297945,0,0.0,0.0,41.148936170212764,46.99999999999993,True,0.8890843033721834
False,8.0,0.0,10.0,0.6159226758962477,0.9707213636556253,0.46808510638297945,0,0.0,0.0,43.66808510638298,46.99999999999993,True,0.8967737397260354
False,1.0,0.0,15.0,0.6090862575727718,0.9807972474398945,0.48936170212766034,0,0.0,0.0,40.435106382978724,46.99999999999993,True,0.902703278849368
False,5.0,2.0,15.0,0.586525781395255,0.9949482630443066,0.531914893617022,0,0.0,0.0,46.103191489361706,46.99999999999993,True,0.9056747175654682
False,10.0,2.0,0.0,0.5537330943435146,0.9999080659068532,0.5957446808510647,0,0.0,0.0,47.32234042553191,46.99999999999993,True,0.9111799028541534
False,10.0,0.0,0.0,0.6071651059786393,0.9949482630443066,0.5106382978723412,0,0.0,0.0,43.68936170212766,46.99999999999993,True,0.913548084702044
False,8.0,0.0,15.0,0.621938430287365,0.9795975515415202,0.48936170212766034,0,0.0,0.0,44.28191489361702,46.99999999999993,True,0.9155554515639611
False,10.0,0.0,15.0,0.6242226546884918,0.9949482630443066,0.48936170212766034,0,0.0,0.0,44.46808510638298,46.99999999999993,True,0.917839675965088
False,5.0,5.0,15.0,0.5637901616659776,0.9999080659068532,0.5957446808510647,0,0.0,0.0,55.17340425531915,46.99999999999993,True,0.9212369701766164
False,8.0,2.0,15.0,0.5918107745852055,0.977699689123768,0.5531914893617029,0,0.0,0.0,46.909574468085104,46.99999999999993,True,0.9237256682022272
False,8.0,2.0,0.0,0.5832667402648447,0.977699689123768,0.5744680851063838,0,0.0,0.0,46.86063829787234,46.99999999999993,True,0.927947591328675
False,8.0,2.0,5.0,0.5835943701791393,0.977699689123768,0.5744680851063838,0,0.0,0.0,46.83510638297872,46.99999999999993,True,0.9282752212429696
False,8.0,2.0,10.0,0.5917142868444804,0.9838197481908859,0.5744680851063838,0,0.0,0.0,46.87978723404255,46.99999999999993,True,0.9363951379083106
False,10.0,2.0,15.0,0.5589218890614437,0.977699689123768,0.6382978723404265,0,0.0,0.0,47.28617021276596,46.99999999999993,True,0.9419006124656996
False,3.0,5.0,10.0,0.5515943696773443,0.9979006393821992,0.6595744680851073,0,0.0,0.0,56.353191489361706,46.99999999999993,True,0.9473390505284087
False,10.0,0.0,5.0,0.6074018410353454,0.9949482630443066,0.5744680851063838,0,0.0,0.0,43.88297872340426,46.99999999999993,True,0.9520826920991757
False,10.0,2.0,10.0,0.5572055006245603,0.977699689123768,0.6595744680851073,0,0.0,0.0,47.25,46.99999999999993,True,0.9529501814756247
False,10.0,2.0,5.0,0.5996181846735849,0.9795975515415202,0.5957446808510647,0,0.0,0.0,48.772340425531915,46.99999999999993,True,0.9570649931842237
False,3.0,5.0,0.0,0.5491258934091144,0.9795975515415202,0.6808510638297882,0,0.0,0.0,55.24787234042553,46.99999999999993,True,0.9576365317069874
False,3.0,5.0,5.0,0.5516696837901618,0.9999080659068532,0.6808510638297882,0,0.0,0.0,55.13936170212766,46.99999999999993,True,0.9601803220880347
False,2.0,5.0,0.0,0.544594805543242,0.9795975515415202,0.7021276595744691,0,0.0,0.0,55.03829787234042,46.99999999999993,True,0.9658714012879235
False,1.0,5.0,5.0,0.5461109727380459,0.9999080659068532,0.7021276595744691,0,0.0,0.0,56.15531914893617,46.99999999999993,True,0.9673875684827273
False,2.0,5.0,10.0,0.5469168435502987,0.9795975515415202,0.7021276595744691,0,0.0,0.0,56.14042553191489,46.99999999999993,True,0.9681934392949801
False,1.0,5.0,0.0,0.5396114072307547,0.9795975515415202,0.72340425531915,0,0.0,0.0,54.757446808510636,46.99999999999993,True,0.9736539604222447
False,5.0,8.0,5.0,0.5327329818736548,0.978528002225701,0.7446808510638309,0,0.0,0.0,63.04042553191489,46.99999999999993,True,0.9795414925119533
False,1.0,10.0,15.0,0.509558139082118,0.9775811983162916,0.7872340425531926,0,0.0,0.0,68.20425531914894,46.99999999999993,True,0.9818985646140336
False,2.0,10.0,15.0,0.512361616808401,0.9775811983162916,0.7872340425531926,0,0.0,0.0,68.33723404255319,46.99999999999993,True,0.9847020423403166
False,2.0,5.0,5.0,0.551404572957074,0.9999080659068532,0.72340425531915,0,0.0,0.0,56.41702127659575,46.99999999999993,True,0.985447126148564
False,3.0,10.0,15.0,0.5148226396063238,0.9775811983162916,0.7872340425531926,0,0.0,0.0,68.49148936170212,46.99999999999993,True,0.9871630651382394
False,10.0,0.0,10.0,0.6177709883207321,0.9949482630443066,0.6170212765957456,0,0.0,0.0,44.17872340425532,46.99999999999993,True,0.9879837542781794
False,25.0,2.0,0.0,0.6062438399226914,0.9949482630443066,0.6382978723404265,0,0.0,0.0,53.13297872340426,46.99999999999993,True,0.9892225633269472
False,2.0,5.0,15.0,0.5570602073717701,0.9999080659068532,0.72340425531915,0,0.0,0.0,56.22021276595745,46.99999999999993,True,0.9911027605632601
False,1.0,5.0,15.0,0.5451866079612229,0.9906133104113485,0.7446808510638309,0,0.0,0.0,55.80531914893617,46.99999999999993,True,0.9919951185995214
False,5.0,10.0,15.0,0.5209895895672566,0.9775811983162916,0.7872340425531926,0,0.0,0.0,68.79468085106383,46.99999999999993,True,0.9933300150991722
False,5.0,8.0,10.0,0.5350353364010504,0.978528002225701,0.7659574468085117,0,0.0,0.0,63.07553191489362,46.99999999999993,True,0.9946098044861574
False,5.0,8.0,15.0,0.5369564148549614,0.978528002225701,0.7659574468085117,0,0.0,0.0,63.08191489361702,46.99999999999993,True,0.9965308829400684
False,20.0,8.0,0.0,0.5499561967692252,0.9910714289433467,0.7446808510638309,0,0.0,0.0,65.65425531914893,46.99999999999993,True,0.9967647074075238
False,8.0,8.0,10.0,0.5377774266258891,0.9838519654862417,0.7659574468085117,0,0.0,0.0,63.498936170212765,46.99999999999993,True,0.9973518947109962
False,25.0,2.0,15.0,0.590945548467026,0.9949482630443066,0.6808510638297882,0,0.0,0.0,53.1,46.99999999999993,True,0.9994561867648989
False,8.0,8.0,15.0,0.5416539879478832,0.978528002225701,0.7659574468085117,0,0.0,0.0,63.545744680851065,46.99999999999993,True,1.0012284560329903
False,10.0,8.0,10.0,0.5443538994820055,0.9896520844630412,0.7659574468085117,0,0.0,0.0,63.819148936170215,46.99999999999993,True,1.0039283675671125
False,10.0,8.0,5.0,0.5443836992385787,0.978528002225701,0.7659574468085117,0,0.0,0.0,63.888297872340424,46.99999999999993,True,1.0039581673236857
False,20.0,5.0,0.0,0.5700477679339868,0.9795975515415202,0.72340425531915,0,0.0,0.0,59.22872340425532,46.99999999999993,True,1.0040903211254768
False,25.0,2.0,10.0,0.5965735347913222,0.9949482630443066,0.6808510638297882,0,0.0,0.0,53.07553191489362,46.99999999999993,True,1.005084173089195
False,20.0,5.0,5.0,0.5742802542230022,0.9795975515415202,0.72340425531915,0,0.0,0.0,59.27127659574468,46.99999999999993,True,1.0083228074144923
False,20.0,5.0,10.0,0.5753513795245754,0.9795975515415202,0.72340425531915,0,0.0,0.0,59.24148936170213,46.99999999999993,True,1.0093939327160655
False,1.0,10.0,5.0,0.5500854366210458,0.978528002225701,0.7659574468085117,0,0.0,0.0,68.09148936170213,46.99999999999993,True,1.0096599047061527
False,20.0,5.0,15.0,0.577122799996021,0.9795975515415202,0.72340425531915,0,0.0,0.0,59.24148936170213,46.99999999999993,True,1.0111653531875109
False,25.0,2.0,5.0,0.6026904885038099,0.9949482630443066,0.6808510638297882,0,0.0,0.0,53.02872340425532,46.99999999999993,True,1.0112011268016827
False,2.0,10.0,5.0,0.5519336971573566,0.978528002225701,0.7659574468085117,0,0.0,0.0,68.17765957446808,46.99999999999993,True,1.0115081652424638
False,8.0,10.0,5.0,0.5265823869720908,0.9775811983162916,0.8085106382978735,0,0.0,0.0,69.3968085106383,46.99999999999993,True,1.011688769950815
False,3.0,10.0,5.0,0.5553873584132721,0.978528002225701,0.7659574468085117,0,0.0,0.0,68.27978723404256,46.99999999999993,True,1.014961826498379
False,30.0,8.0,15.0,0.5595245050628189,0.978528002225701,0.7659574468085117,0,0.0,0.0,67.10851063829787,46.99999999999993,True,1.0190989731479259
False,10.0,8.0,15.0,0.5476045528579959,0.9896520844630412,0.7872340425531926,0,0.0,0.0,63.85851063829787,46.99999999999993,True,1.0199449783899115
False,5.0,10.0,5.0,0.5605950129687107,0.978528002225701,0.7659574468085117,0,0.0,0.0,68.54787234042553,46.99999999999993,True,1.0201694810538178
False,30.0,0.0,0.0,0.6152952946993202,0.9795975515415202,0.6808510638297882,0,0.0,0.0,50.91382978723404,46.99999999999993,True,1.0238059329971931
False,25.0,8.0,5.0,0.5521930458417884,0.978528002225701,0.7872340425531926,0,0.0,0.0,66.08297872340425,46.99999999999993,True,1.024533471373704
False,25.0,8.0,15.0,0.567286019226413,0.978528002225701,0.7659574468085117,0,0.0,0.0,66.1436170212766,46.99999999999993,True,1.0268604873115201
False,30.0,8.0,5.0,0.5547315564474546,0.978528002225701,0.7872340425531926,0,0.0,0.0,66.9031914893617,46.99999999999993,True,1.02707198197937
False,2.0,10.0,10.0,0.5561733540725939,0.978528002225701,0.7872340425531926,0,0.0,0.0,68.18829787234043,46.99999999999993,True,1.0285137796045096
False,30.0,8.0,0.0,0.5690162898753942,0.978528002225701,0.7659574468085117,0,0.0,0.0,67.21382978723405,46.99999999999993,True,1.0285907579605014
False,10.0,10.0,10.0,0.5690859710718879,0.9775811983162916,0.7659574468085117,0,0.0,0.0,68.5127659574468,46.99999999999993,True,1.028660439156995
False,15.0,8.0,15.0,0.557036151318542,0.9910714289433467,0.7872340425531926,0,0.0,0.0,64.78936170212766,46.99999999999993,True,1.0293765768504577
False,25.0,8.0,0.0,0.5571062694137134,0.9910714289433467,0.7872340425531926,0,0.0,0.0,66.55212765957447,46.99999999999993,True,1.0294466949456291
False,5.0,10.0,0.0,0.5575983122189165,0.978528002225701,0.7872340425531926,0,0.0,0.0,68.56808510638298,46.99999999999993,True,1.029938737750832
False,3.0,10.0,10.0,0.5582050734017479,0.978528002225701,0.7872340425531926,0,0.0,0.0,68.30744680851063,46.99999999999993,True,1.0305454989336633
False,30.0,8.0,10.0,0.5710383435729701,0.978528002225701,0.7659574468085117,0,0.0,0.0,67.18829787234043,46.99999999999993,True,1.0306128116580773
False,25.0,8.0,10.0,0.5583589614715945,0.978528002225701,0.7872340425531926,0,0.0,0.0,66.19574468085106,46.99999999999993,True,1.03069938700351
False,30.0,2.0,0.0,0.6115849924323793,0.9991041042514498,0.7021276595744691,0,0.0,0.0,54.35957446808511,46.99999999999993,True,1.0328615881770609
False,20.0,8.0,5.0,0.5618586736792003,0.978528002225701,0.7872340425531926,0,0.0,0.0,65.47340425531915,46.99999999999993,True,1.0341990992111159
False,5.0,10.0,10.0,0.5638514793609077,0.978528002225701,0.7872340425531926,0,0.0,0.0,68.6063829787234,46.99999999999993,True,1.0361919048928234
False,8.0,10.0,0.0,0.5640112488888059,0.978528002225701,0.7872340425531926,0,0.0,0.0,68.87127659574467,46.99999999999993,True,1.0363516744207215
False,2.0,8.0,0.0,0.5645475922191303,0.9960434563564594,0.7872340425531926,0,0.0,0.0,66.22553191489362,46.99999999999993,True,1.0368880177510458
False,1.0,10.0,10.0,0.5518716083168623,0.978528002225701,0.8085106382978735,0,0.0,0.0,68.06489361702128,46.99999999999993,True,1.0369779912955863
False,30.0,0.0,15.0,0.6293837123937827,0.9946362943837315,0.6808510638297882,0,0.0,0.0,51.780851063829786,46.99999999999993,True,1.0378943506916556
False,8.0,10.0,15.0,0.5289938109285511,0.9775811983162916,0.8510638297872354,0,0.0,0.0,69.23297872340426,46.99999999999993,True,1.0396321088008924
False,25.0,5.0,10.0,0.5816953549467878,0.9848407817749858,0.7659574468085117,0,0.0,0.0,60.49148936170213,46.99999999999993,True,1.0412698230318949
False,25.0,5.0,5.0,0.5842183289227801,0.9795975515415202,0.7659574468085117,0,0.0,0.0,60.588297872340426,46.99999999999993,True,1.043792797007887
False,20.0,8.0,15.0,0.5601925012577007,0.978528002225701,0.8085106382978735,0,0.0,0.0,66.14468085106382,46.99999999999993,True,1.0452988842364248
False,20.0,10.0,5.0,0.589289526867062,0.994538164076453,0.7659574468085117,0,0.0,0.0,69.45425531914894,46.99999999999993,True,1.048863994952169
False,15.0,10.0,10.0,0.5782710187667703,0.9814920166562646,0.7872340425531926,0,0.0,0.0,68.90744680851064,46.99999999999993,True,1.0506114442986858
False,10.0,10.0,0.0,0.5676583067699352,0.978528002225701,0.8085106382978735,0,0.0,0.0,68.99468085106383,46.99999999999993,True,1.0527646897486593
False,30.0,0.0,5.0,0.6201172495693147,0.9795975515415202,0.72340425531915,0,0.0,0.0,52.6,46.99999999999993,True,1.0541598027608048
False,15.0,10.0,15.0,0.583430377079059,0.9775811983162916,0.7872340425531926,0,0.0,0.0,69.12659574468086,46.99999999999993,True,1.0557708026109744
False,30.0,0.0,10.0,0.6225517575268312,0.9795975515415202,0.72340425531915,0,0.0,0.0,52.84468085106383,46.99999999999993,True,1.0565943107183213
False,25.0,0.0,5.0,0.6486798239557331,0.9999080659068532,0.6808510638297882,0,0.0,0.0,49.8936170212766,46.99999999999993,True,1.057190462253606
False,15.0,10.0,5.0,0.5779108536543475,0.9775811983162916,0.8085106382978735,0,0.0,0.0,68.99787234042553,46.99999999999993,True,1.0630172366330717
False,25.0,0.0,0.0,0.6421855558304369,0.9999080659068532,0.7021276595744691,0,0.0,0.0,49.797872340425535,46.99999999999993,True,1.0634621515751184
False,15.0,10.0,0.0,0.5790240349956705,0.978528002225701,0.8085106382978735,0,0.0,0.0,69.72765957446809,46.99999999999993,True,1.0641304179743947
False,20.0,10.0,15.0,0.5885698467673067,0.994538164076453,0.8085106382978735,0,0.0,0.0,70.79574468085106,46.99999999999993,True,1.073676229746031
False,20.0,10.0,10.0,0.593416565122585,0.994538164076453,0.8085106382978735,0,0.0,0.0,69.69255319148937,46.99999999999993,True,1.078522948101309
False,25.0,10.0,5.0,0.5990701443148259,0.9946362943837315,0.8085106382978735,0,0.0,0.0,71.98085106382979,46.99999999999993,True,1.08417652729355
False,8.0,8.0,0.0,0.6247222593080054,0.978528002225701,0.7872340425531926,0,0.0,0.0,64.50425531914894,46.99999999999993,True,1.097062684839921
False,8.0,8.0,5.0,0.6258048345130621,0.9811150326400483,0.7872340425531926,0,0.0,0.0,64.40212765957448,46.99999999999993,True,1.0981452600449777
False,2.0,10.0,0.0,0.6566808961206828,0.978528002225701,0.8085106382978735,0,0.0,0.0,68.64148936170213,46.99999999999993,True,1.141787279099407
False,3.0,10.0,0.0,0.6599566547400965,0.978528002225701,0.8085106382978735,0,0.0,0.0,68.77978723404256,46.99999999999993,True,1.1450630377188205
False,25.0,15.0,15.0,0.7179306654810674,0.9910714289433467,0.72340425531915,0,0.0,0.0,75.80319148936171,46.99999999999993,True,1.1519732186725573
False,1.0,10.0,0.0,0.6698760323368002,0.9910714289433467,0.8085106382978735,0,0.0,0.0,68.80106382978724,46.99999999999993,True,1.1549824153155241
False,25.0,15.0,5.0,0.718113506767806,0.9910714289433467,0.7446808510638309,0,0.0,0.0,75.70212765957447,46.99999999999993,True,1.1649220174061046
False,10.0,10.0,5.0,0.6927822532305691,0.9996338412217775,0.7872340425531926,0,0.0,0.0,69.42872340425532,46.99999999999993,True,1.1651226787624847
False,25.0,15.0,10.0,0.7188919302852804,0.9910714289433467,0.7446808510638309,0,0.0,0.0,75.82553191489362,46.99999999999993,True,1.165700440923579
False,10.0,10.0,15.0,0.6959356579759053,0.9811924372955433,0.7872340425531926,0,0.0,0.0,69.5372340425532,46.99999999999993,True,1.1682760835078208
False,10.0,20.0,0.0,0.7532308316526926,0.9946362943837315,0.7021276595744691,0,0.0,0.0,79.22553191489362,46.99999999999993,True,1.1745074273973741
False,15.0,20.0,0.0,0.7163822492934079,0.9910714289433467,0.7659574468085117,0,0.0,0.0,79.63723404255319,46.99999999999993,True,1.175956717378515
False,8.0,20.0,0.0,0.712629207406138,0.9693684331813698,0.7872340425531926,0,0.0,0.0,78.88936170212766,46.99999999999993,True,1.1849696329380537
False,30.0,10.0,5.0,0.7000890510437477,0.9970673383650437,0.8085106382978735,0,0.0,0.0,71.16489361702128,46.99999999999993,True,1.185195434022472
False,30.0,15.0,5.0,0.723792593568018,0.9775811983162916,0.7872340425531926,0,0.0,0.0,76.88191489361702,46.99999999999993,True,1.1961330190999335
False,5.0,20.0,15.0,0.7626026023511254,0.9942472584795141,0.72340425531915,0,0.0,0.0,79.80851063829788,46.99999999999993,True,1.1966451555426154
False,8.0,20.0,15.0,0.717840505790119,0.9575853543670826,0.8085106382978735,0,0.0,0.0,80.4,46.99999999999993,True,1.2029468887688433
False,30.0,15.0,10.0,0.7222487414700516,0.9775811983162916,0.8085106382978735,0,0.0,0.0,77.19893617021276,46.99999999999993,True,1.2073551244487757
False,20.0,15.0,15.0,0.7352578373466512,0.9693684331813698,0.7872340425531926,0,0.0,0.0,75.39893617021276,46.99999999999993,True,1.2075982628785669
False,20.0,15.0,10.0,0.7360143517676048,0.9693684331813698,0.7872340425531926,0,0.0,0.0,75.53617021276595,46.99999999999993,True,1.2083547772995202
False,30.0,15.0,15.0,0.723545699143494,0.9775811983162916,0.8085106382978735,0,0.0,0.0,77.31595744680851,46.99999999999993,True,1.2086520821222182
False,20.0,15.0,5.0,0.7244387102409086,0.9910714289433467,0.8085106382978735,0,0.0,0.0,76.22340425531915,46.99999999999993,True,1.2095450932196328
False,2.0,20.0,5.0,0.7260490096459612,0.9910714289433467,0.8085106382978735,0,0.0,0.0,81.77021276595745,46.99999999999993,True,1.2111553926246854
False,3.0,20.0,15.0,0.727287766650811,0.9910714289433467,0.8085106382978735,0,0.0,0.0,80.42659574468085,46.99999999999993,True,1.2123941496295352
False,3.0,20.0,5.0,0.7293566556787734,0.9937876819738279,0.8085106382978735,0,0.0,0.0,80.45212765957447,46.99999999999993,True,1.2144630386574975
False,3.0,20.0,0.0,0.7295936614208083,0.9910714289433467,0.8085106382978735,0,0.0,0.0,80.32234042553192,46.99999999999993,True,1.2147000443995324
False,30.0,20.0,0.0,0.7555439159685841,0.9683798948311542,0.7659574468085117,0,0.0,0.0,79.7,46.99999999999993,True,1.215118384053691
False,25.0,20.0,15.0,0.7851428103401862,0.9977975900583398,0.72340425531915,0,0.0,0.0,80.55744680851063,46.99999999999993,True,1.2191853635316763
False,1.0,20.0,10.0,0.7275414782620171,0.9910714289433467,0.8297872340425545,0,0.0,0.0,81.67127659574469,46.99999999999993,True,1.2254138186875498
False,30.0,20.0,5.0,0.7568838305510558,0.9683798948311542,0.7872340425531926,0,0.0,0.0,79.72872340425532,46.99999999999993,True,1.2292242560829714
False,30.0,20.0,15.0,0.7575413445089991,0.9683798948311542,0.7872340425531926,0,0.0,0.0,79.60744680851064,46.99999999999993,True,1.2298817700409148
False,25.0,15.0,0.0,0.7267829723347925,0.9939170916447947,0.8510638297872354,0,0.0,0.0,77.54255319148936,46.99999999999993,True,1.2374212702071337
False,1.0,20.0,15.0,0.7284778288520708,0.9910714289433467,0.8510638297872354,0,0.0,0.0,81.89893617021276,46.99999999999993,True,1.239116126724412
False,2.0,20.0,15.0,0.7290826914330549,0.9910714289433467,0.8510638297872354,0,0.0,0.0,80.31489361702128,46.99999999999993,True,1.239720989305396
False,30.0,20.0,10.0,0.7821233874537894,0.9946362943837315,0.7659574468085117,0,0.0,0.0,80.40531914893617,46.99999999999993,True,1.2416978555388964
False,15.0,15.0,5.0,0.7469619008207424,0.9693684331813698,0.8510638297872354,0,0.0,0.0,76.62127659574467,46.99999999999993,True,1.2576001986930836
False,5.0,20.0,0.0,0.7655792004466025,0.9997551943594237,0.8510638297872354,0,0.0,0.0,79.96914893617021,46.99999999999993,True,1.2762174983189438
False,8.0,15.0,10.0,0.7312814472639168,0.9910714289433467,0.914893617021278,0,0.0,0.0,74.54468085106383,46.99999999999993,True,1.2802176174766835
False,8.0,15.0,15.0,0.7316942814262035,0.9910714289433467,0.914893617021278,0,0.0,0.0,74.68617021276596,46.99999999999993,True,1.2806304516389702
False,5.0,15.0,15.0,0.7270022892598649,0.9910714289433467,0.9361702127659589,0,0.0,0.0,74.25106382978723,46.99999999999993,True,1.2887044169194402
False,1.0,15.0,15.0,0.7181165831366484,0.9910714289433467,0.9574468085106398,0,0.0,0.0,73.87127659574467,46.99999999999993,True,1.2925846682430322
False,2.0,15.0,0.0,0.7324706993385766,0.9775811983162916,0.9361702127659589,0,0.0,0.0,75.12872340425533,46.99999999999993,True,1.2941728269981518
False,2.0,20.0,0.0,0.7711576374916135,0.986723434502085,0.8723404255319163,0,0.0,0.0,80.11063829787234,46.99999999999993,True,1.2945618928107632
False,3.0,15.0,0.0,0.7331689172072785,0.9775811983162916,0.9361702127659589,0,0.0,0.0,75.1936170212766,46.99999999999993,True,1.294871044866854
False,10.0,15.0,10.0,0.7589405687411135,0.9910714289433467,0.8936170212765971,0,0.0,0.0,75.57659574468084,46.99999999999993,True,1.2951107815070717
False,1.0,20.0,0.0,0.7718024647511541,0.986723434502085,0.8723404255319163,0,0.0,0.0,79.96170212765958,46.99999999999993,True,1.2952067200703037
False,10.0,15.0,15.0,0.7590630639833291,0.9910714289433467,0.8936170212765971,0,0.0,0.0,75.68404255319149,46.99999999999993,True,1.2952332767492873
False,2.0,15.0,5.0,0.7337055136641898,0.9775811983162916,0.9361702127659589,0,0.0,0.0,75.16702127659575,46.99999999999993,True,1.2954076413237652
False,2.0,15.0,10.0,0.7340412581262231,0.9775811983162916,0.9361702127659589,0,0.0,0.0,75.1404255319149,46.99999999999993,True,1.2957433857857983
False,2.0,15.0,15.0,0.7215957928608552,0.9910714289433467,0.9574468085106398,0,0.0,0.0,73.95106382978723,46.99999999999993,True,1.296063877967239
False,3.0,15.0,5.0,0.7345465092378495,0.9775811983162916,0.9361702127659589,0,0.0,0.0,75.23191489361702,46.99999999999993,True,1.2962486368974249
False,3.0,15.0,10.0,0.7352344109105826,0.9775811983162916,0.9361702127659589,0,0.0,0.0,75.24574468085106,46.99999999999993,True,1.296936538570158
False,3.0,15.0,15.0,0.7226960364362102,0.9910714289433467,0.9574468085106398,0,0.0,0.0,74.05106382978724,46.99999999999993,True,1.297164121542594
False,1.0,15.0,0.0,0.7248002578048629,0.9946362943837315,0.9574468085106398,0,0.0,0.0,76.25425531914894,46.99999999999993,True,1.2992683429112466
False,1.0,15.0,5.0,0.726271131944976,0.9946362943837315,0.9574468085106398,0,0.0,0.0,76.28191489361703,46.99999999999993,True,1.3007392170513596
False,5.0,15.0,0.0,0.7383876560532037,0.9775811983162916,0.9574468085106398,0,0.0,0.0,75.3904255319149,46.99999999999993,True,1.3128557411595874
False,5.0,15.0,5.0,0.7399730355186146,0.9775811983162916,0.9574468085106398,0,0.0,0.0,75.41702127659575,46.99999999999993,True,1.3144411206249984
False,8.0,15.0,0.0,0.744103621630594,0.9775811983162916,0.9574468085106398,0,0.0,0.0,75.64148936170213,46.99999999999993,True,1.3185717067369778
False,1.0,15.0,10.0,0.7316275019712054,0.9775811983162916,0.9787234042553207,0,0.0,0.0,76.34787234042552,46.99999999999993,True,1.3188615445243976
False,10.0,15.0,5.0,0.7482816245344345,0.9775811983162916,0.9574468085106398,0,0.0,0.0,76.28085106382979,46.99999999999993,True,1.3227497096408183
False,10.0,15.0,0.0,0.7484011810937868,0.9775811983162916,0.9574468085106398,0,0.0,0.0,76.28085106382979,46.99999999999993,True,1.3228692662001706
False,15.0,15.0,0.0,0.749741419450697,0.9775811983162916,0.9574468085106398,0,0.0,0.0,76.90212765957448,46.99999999999993,True,1.3242095045570808
False,5.0,15.0,10.0,0.7411349266192324,0.9850895388771778,0.9787234042553207,0,0.0,0.0,76.64148936170213,46.99999999999993,True,1.3283689691724248
False,8.0,15.0,5.0,0.7451799603293255,0.9775811983162916,0.9787234042553207,0,0.0,0.0,76.88297872340425,46.99999999999993,True,1.3324140028825178
False,20.0,15.0,0.0,0.7845992449738303,0.9775811983162916,0.9574468085106398,0,0.0,0.0,78.82978723404256,46.99999999999993,True,1.359067330080214
False,20.0,2.0,0.0,0.5928360141613539,1.0204690994670556,0.2553191489361706,1,0.05,0.0,50.35,46.99999999999993,True,2.8210275035230565
False,20.0,2.0,5.0,0.5936771263944218,1.0204690994670556,0.2553191489361706,1,0.05,0.0,50.40638297872341,46.99999999999993,True,2.8218686157561246
False,2.0,2.0,5.0,0.562460939468244,1.0112097617492553,0.3191489361702132,1,0.05,0.0,44.65744680851064,46.99999999999993,True,2.828950301170372
False,5.0,0.0,10.0,0.573757508747468,1.058567807183883,0.3191489361702132,1,0.05,0.0,41.25212765957447,46.99999999999993,True,2.840246870449596
False,1.0,0.0,0.0,0.5867558688499238,1.0102257635468024,0.29787234042553234,1,0.05,0.0,39.16914893617021,46.99999999999993,True,2.8404792731052435
False,1.0,2.0,0.0,0.5398383542588978,1.008171923838179,0.38297872340425587,1,0.05,0.0,41.840425531914896,46.99999999999993,True,2.8446255883014517
False,8.0,5.0,10.0,0.5490061990149431,1.0062024342858298,0.38297872340425587,1,0.05,0.0,55.52765957446808,46.99999999999993,True,2.853793433057497
False,3.0,2.0,15.0,0.5865293317811593,1.0291980668963459,0.3404255319148941,1,0.05,0.0,45.88191489361702,46.99999999999993,True,2.865784650930096
False,2.0,2.0,15.0,0.5845887759281004,1.004510380995098,0.361702127659575,1,0.05,0.0,44.81063829787234,46.99999999999993,True,2.8766100525238456
False,20.0,0.0,10.0,0.6258968796104766,1.0154312091537534,0.29787234042553234,1,0.05,0.0,48.52765957446808,46.99999999999993,True,2.8796202838657963
False,8.0,5.0,5.0,0.5610666418926181,1.050249246960914,0.4255319148936177,1,0.05,0.0,55.8563829787234,46.99999999999993,True,2.8913857908287888
False,8.0,0.0,5.0,0.6044758681332175,1.0271408772578432,0.40425531914893675,1,0.05,0.0,43.361702127659576,46.99999999999993,True,2.92202905962258
False,2.0,0.0,0.0,0.5946997628382514,1.0000651570191526,0.4255319148936177,1,0.05,0.0,39.85212765957447,46.99999999999993,True,2.9250189117744223
False,1.0,2.0,15.0,0.5642803777197124,1.0264406929866519,0.361702127659575,1,0.1,0.0,44.42446808510638,46.99999999999993,True,2.9313016543154573
False,3.0,0.0,5.0,0.5322832055134356,1.0106257854052434,0.5531914893617029,1,0.05,0.0,40.66914893617021,46.99999999999993,True,2.9391980991304574
False,8.0,0.0,0.0,0.6079829177364421,1.0422472014304176,0.4468085106382986,1,0.05,0.0,43.037234042553195,46.99999999999993,True,2.9510680241194214
False,2.0,0.0,15.0,0.5676525656685104,1.0156521188880752,0.5744680851063838,1,0.05,0.0,40.751063829787235,46.99999999999993,True,2.9873334167323407
False,15.0,0.0,15.0,0.5815018249095151,1.0214128639353222,0.5531914893617029,1,0.05,0.0,47.90425531914894,46.99999999999993,True,2.988416718526537
False,5.0,5.0,10.0,0.5567005311253448,1.0458230125766186,0.5957446808510647,1,0.05,0.0,55.2031914893617,46.99999999999993,True,2.989147339635984
False,15.0,2.0,15.0,0.5861043009560843,1.0110865103955458,0.5531914893617029,1,0.05,0.0,49.740425531914894,46.99999999999993,True,2.9930191945731064
False,15.0,2.0,5.0,0.5813047716068555,1.0083888601873365,0.5957446808510647,1,0.05,0.0,49.44255319148936,46.99999999999993,True,3.0137515801174946
False,15.0,2.0,0.0,0.5811189231064237,1.029561006043943,0.6170212765957456,1,0.05,0.0,49.469148936170214,46.99999999999993,True,3.026331689063871
False,15.0,0.0,10.0,0.5811684380134639,1.0692580064184536,0.6170212765957456,1,0.05,0.0,47.45957446808511,46.99999999999993,True,3.0263812039709115
False,15.0,0.0,5.0,0.575739231515719,1.0137081635612506,0.6382978723404265,1,0.05,0.0,47.15744680851064,46.99999999999993,True,3.0337179549199753
False,5.0,5.0,0.0,0.5528092951604268,1.0014499055897195,0.7021276595744691,1,0.05,0.0,55.63936170212766,46.99999999999993,True,3.0490858909051086
False,1.0,5.0,10.0,0.5443803622992215,1.026489261673488,0.72340425531915,1,0.05,0.0,55.92765957446809,46.99999999999993,True,3.0534229154907115
False,1.0,8.0,5.0,0.5677023158817873,1.0951070546040576,0.72340425531915,1,0.05,0.0,64.90851063829787,46.99999999999993,True,3.0767448690732775
False,15.0,8.0,5.0,0.5502532854193154,1.0160500618574493,0.7659574468085117,1,0.05,0.0,64.72021276595744,46.99999999999993,True,3.0848277535044226
False,15.0,8.0,10.0,0.5527547439527121,1.0160500618574493,0.7872340425531926,1,0.05,0.0,64.72978723404255,46.99999999999993,True,3.1000951694846277
False,1.0,8.0,0.0,0.5680035310132562,1.0149742822576133,0.7659574468085117,1,0.05,0.0,66.11170212765957,46.99999999999993,True,3.1025779990983633
False,30.0,5.0,10.0,0.5696836012830144,1.0266608720823163,0.7659574468085117,1,0.05,0.0,59.85,46.99999999999993,True,3.1042580693681217
False,25.0,5.0,0.0,0.5932340451168806,1.010699005512238,0.7446808510638309,1,0.05,0.0,60.91063829787234,46.99999999999993,True,3.1150425557551795
False,20.0,8.0,10.0,0.5567899986022979,1.026031630621733,0.8085106382978735,1,0.05,0.0,65.91808510638297,46.99999999999993,True,3.1168963815810224
False,30.0,2.0,10.0,0.6160186908355482,1.0086867625010563,0.72340425531915,1,0.05,0.0,54.27127659574468,46.99999999999993,True,3.125061244027038
False,15.0,2.0,10.0,0.5827974254702469,1.0190549107141955,0.6595744680851073,1,0.1,0.0,49.32872340425532,46.99999999999993,True,3.1285421063213112
False,25.0,5.0,15.0,0.5948090640445294,1.0127885982366194,0.7659574468085117,1,0.05,0.0,60.74148936170213,46.99999999999993,True,3.1293835321296366
False,8.0,10.0,10.0,0.5693447823399037,1.0135752004025627,0.8085106382978735,1,0.05,0.0,68.96063829787234,46.99999999999993,True,3.129451165318628
False,25.0,10.0,15.0,0.5955686406562474,1.0257455477721942,0.7659574468085117,1,0.05,0.0,69.62659574468086,46.99999999999993,True,3.1301431087413545
False,25.0,0.0,10.0,0.649812459612664,1.0220984658187489,0.6808510638297882,1,0.05,0.0,50.19468085106383,46.99999999999993,True,3.1333230979105373
False,25.0,10.0,0.0,0.597689740381378,1.0110647030369175,0.8085106382978735,1,0.05,0.0,71.1904255319149,46.99999999999993,True,3.1577961233601024
False,10.0,8.0,0.0,0.6312528406555508,1.0018744503205053,0.7659574468085117,1,0.05,0.0,64.82659574468084,46.99999999999993,True,3.165827308740658
False,30.0,10.0,0.0,0.6065172594450644,1.0273603603837347,0.8297872340425545,1,0.05,0.0,71.4904255319149,46.99999999999993,True,3.179389599870597
False,5.0,8.0,0.0,0.6204932503810842,1.013857825087436,0.8085106382978735,1,0.05,0.0,63.99148936170213,46.99999999999993,True,3.1805996333598086
False,30.0,10.0,10.0,0.6088171679676195,1.0182140189203204,0.8510638297872354,1,0.05,0.0,71.46489361702127,46.99999999999993,True,3.194455465839961
False,15.0,8.0,0.0,0.6452892502710222,1.0210948899170682,0.8085106382978735,1,0.05,0.0,65.53936170212766,46.99999999999993,True,3.2053956332497466
False,8.0,20.0,10.0,0.717533267754654,1.0141730978770227,0.72340425531915,1,0.05,0.0,79.95638297872341,46.99999999999993,True,3.2265758209461444
False,5.0,20.0,10.0,0.716810416136029,1.0094033869113643,0.7446808510638309,1,0.05,0.0,80.76914893617021,46.99999999999993,True,3.2386189267743277
False,10.0,20.0,15.0,0.7549862704870097,1.0102452857772701,0.72340425531915,1,0.05,0.0,80.34574468085107,46.99999999999993,True,3.2640288236785
False,20.0,20.0,5.0,0.7307135864490768,1.0189104181963886,0.7659574468085117,1,0.05,0.0,79.54361702127659,46.99999999999993,True,3.2652880545341842
False,25.0,20.0,0.0,0.7481352849224228,1.0206207096895474,0.7446808510638309,1,0.05,0.0,80.02021276595745,46.99999999999993,True,3.2699437955607213
False,5.0,20.0,5.0,0.7104381205966119,1.0316048231947705,0.8085106382978735,1,0.05,0.0,80.96702127659574,46.99999999999993,True,3.270544503575336
False,25.0,20.0,10.0,0.7490351748774134,1.011994891724051,0.7446808510638309,1,0.05,0.0,80.13191489361702,46.99999999999993,True,3.270843685515712
False,15.0,20.0,10.0,0.7641099950495817,1.0158616377085834,0.72340425531915,1,0.05,0.0,81.15,46.99999999999993,True,3.2731525482410717
False,30.0,15.0,0.0,0.7185877343413055,1.0859587215104418,0.8085106382978735,1,0.05,0.0,76.89468085106382,46.99999999999993,True,3.27869411732003
False,20.0,20.0,10.0,0.7445553785003298,1.010284600230892,0.7659574468085117,1,0.05,0.0,80.03617021276595,46.99999999999993,True,3.279129846585437
False,25.0,20.0,5.0,0.7476049345770243,1.011994891724051,0.7659574468085117,1,0.05,0.0,80.12978723404255,46.99999999999993,True,3.2821794026621314
False,8.0,20.0,5.0,0.7640667062410458,1.0188605838810607,0.7446808510638309,1,0.05,0.0,80.51489361702127,46.99999999999993,True,3.2858752168793446
False,10.0,20.0,5.0,0.754370096299821,1.0007166219536368,0.7659574468085117,1,0.05,0.0,79.56276595744681,46.99999999999993,True,3.288944564384928
False,3.0,20.0,10.0,0.7674074657133574,1.0568878610170653,0.7872340425531926,1,0.05,0.0,80.10744680851064,46.99999999999993,True,3.3147478912452732
False,15.0,15.0,10.0,0.7491161251381644,1.0087971567070018,0.8723404255319163,1,0.05,0.0,76.80531914893616,46.99999999999993,True,3.3475203804573144
False,15.0,15.0,15.0,0.7501907253863747,1.0087971567070018,0.8723404255319163,1,0.05,0.0,76.93510638297872,46.99999999999993,True,3.3485949807055246
False,2.0,20.0,10.0,0.7711277485613274,1.014173097877023,0.8723404255319163,1,0.05,0.0,80.76063829787235,46.99999999999993,True,3.3695320038804772
False,8.0,5.0,15.0,0.5365581446481866,1.0094734459175845,0.3191489361702132,2,0.1,0.0,55.91595744680851,46.99999999999993,True,4.878047506350315
False,2.0,2.0,0.0,0.562665255604812,1.0289894638834316,0.29787234042553234,2,0.1,0.0,43.91595744680851,46.99999999999993,True,4.891388659860132
False,5.0,0.0,15.0,0.5757321390699948,1.0177958229849082,0.27659574468085146,2,0.1,0.0,41.55531914893617,46.99999999999993,True,4.891689585878506
False,2.0,0.0,5.0,0.5327681494822457,1.013250100437609,0.46808510638297945,2,0.1,0.0,40.15744680851064,46.99999999999993,True,4.963619213312033
False,8.0,5.0,0.0,0.5544638409575605,1.0302860231472706,0.38297872340425587,2,0.15000000000000002,0.0,56.51702127659574,46.99999999999993,True,5.009251075000114
False,5.0,5.0,5.0,0.555844412949694,1.02975286264797,0.5957446808510647,2,0.1,0.0,55.5,46.99999999999993,True,5.063291221460333
False,3.0,5.0,15.0,0.5595305425278194,1.008753568642516,0.6595744680851073,2,0.1,0.0,56.43936170212766,46.99999999999993,True,5.105275223378884
False,30.0,5.0,15.0,0.5324552622791131,1.049289477013119,0.7659574468085117,2,0.1,0.0,59.962765957446805,46.99999999999993,True,5.142029730364221
False,3.0,8.0,15.0,0.56051173720909,1.053592015120199,0.7659574468085117,2,0.1,0.0,64.31382978723404,46.99999999999993,True,5.170086205294197
False,1.0,8.0,10.0,0.5738308097239065,1.0951070546040576,0.7872340425531926,2,0.1,0.0,65.80319148936171,46.99999999999993,True,5.1961712352558225
False,30.0,2.0,5.0,0.6182300551839731,1.0130278727922375,0.72340425531915,2,0.1,0.0,54.259574468085106,46.99999999999993,True,5.202272608375464
False,25.0,0.0,15.0,0.6493897667176112,1.0156630823938508,0.6808510638297882,2,0.1,0.0,50.045744680851065,46.99999999999993,True,5.207900405015485
False,25.0,10.0,10.0,0.6008051203629851,1.002215803572313,0.8085106382978735,2,0.1,0.0,69.80531914893616,46.99999999999993,True,5.235911503341709
False,15.0,20.0,15.0,0.7266197180708774,1.0072358197430866,0.6595744680851073,2,0.1,0.0,79.48191489361702,46.99999999999993,True,5.272364398921942
False,10.0,20.0,10.0,0.7545504025254861,1.0181169788840352,0.7021276595744691,2,0.1,0.0,79.65,46.99999999999993,True,5.325826998270168
False,20.0,10.0,0.0,0.7184510349796308,1.0047780500613173,0.7872340425531926,2,0.1,0.0,71.00531914893617,46.99999999999993,True,5.3407914605115465
False,20.0,20.0,15.0,0.7443390879144369,1.010284600230892,0.7446808510638309,2,0.1,0.0,80.05425531914894,46.99999999999993,True,5.341147598552736
False,30.0,10.0,15.0,0.7449095545385511,1.0312360714918996,0.7872340425531926,2,0.1,0.0,71.5095744680851,46.99999999999993,True,5.367249980070467
False,20.0,20.0,0.0,0.7719781809208233,1.0081281457395177,0.7659574468085117,2,0.1,0.0,80.62553191489361,46.99999999999993,True,5.381552649005931
False,1.0,20.0,5.0,0.7691980298702397,1.064886968691069,0.8085106382978735,2,0.1,0.0,80.19148936170212,46.99999999999993,True,5.404304412848964
False,3.0,2.0,0.0,0.5745451929397444,1.0339445692748013,0.27659574468085146,3,0.15000000000000002,0.0,45.16914893617021,46.99999999999993,True,6.965502639748255
False,3.0,0.0,0.0,0.5621958335060261,1.0145164020666682,0.5531914893617029,3,0.15000000000000002,0.0,40.06276595744681,46.99999999999993,True,7.119110727123047
False,15.0,0.0,0.0,0.5897257912085445,1.014102925351415,0.6382978723404265,3,0.15000000000000002,0.0,46.82234042553191,46.99999999999993,True,7.1977045146128
False,30.0,2.0,15.0,0.6170373940287376,1.0111771075676734,0.6595744680851073,3,0.15000000000000002,0.0,54.50425531914894,46.99999999999993,True,7.237782074879801
False,30.0,5.0,5.0,0.6238467627019115,1.0323813201943408,0.7659574468085117,3,0.15000000000000002,0.0,60.195744680851064,46.99999999999993,True,7.308421230787018
False,2.0,8.0,5.0,0.6535365633289274,1.0202066520297668,0.7659574468085117,3,0.15000000000000002,0.0,65.78297872340426,46.99999999999993,True,7.338111031414034
False,15.0,20.0,5.0,0.7722731751737536,1.0476995741471125,0.7021276595744691,3,0.15000000000000002,0.0,80.57659574468084,46.99999999999993,True,7.4185497709184345
False,3.0,2.0,5.0,0.5680687245751008,1.0307731026310194,0.23404255319148973,5,0.25,0.0,44.83723404255319,46.99999999999993,True,11.083494256489995
False,1.0,8.0,15.0,0.6007425763404369,1.0279551247295857,0.7446808510638309,5,0.25,0.0,65.65531914893617,46.99999999999993,True,11.422551086978736
False,3.0,8.0,5.0,0.6446718653682659,1.0499498108738898,0.7659574468085117,5,0.25,0.0,65.05851063829788,46.99999999999993,True,11.479246333453373
False,2.0,8.0,15.0,0.6530987367494954,1.0932085727894427,0.7659574468085117,5,0.25,0.0,65.13510638297872,46.99999999999993,True,11.487673204834602
False,3.0,8.0,10.0,0.6429591856344945,1.0303382529513208,0.7872340425531926,5,0.25,0.0,65.00638297872341,46.99999999999993,True,11.49029961116641
False,2.0,8.0,10.0,0.6480612772305695,1.0727594353712393,0.7872340425531926,5,0.25,0.0,65.25531914893617,46.99999999999993,True,11.495401702762486
False,3.0,8.0,0.0,0.6489441145958031,1.0197017402325472,0.7872340425531926,5,0.25,0.0,65.74148936170212,46.99999999999993,True,11.496284540127718
False,30.0,5.0,0.0,0.5828487136645696,1.056319303324253,0.7446808510638309,6,0.30000000000000004,0.0,60.537234042553195,46.99999999999993,True,13.479657224302867
False,2.0,2.0,10.0,0.5737805768348515,1.0151579412532348,0.40425531914893675,7,0.35,0.0,45.04255319148936,46.99999999999993,True,15.341333768324214
True,25.0,20.0,5.0,0.0021320989010988815,0.06311000000000022,0.0,0,0.0,0.0,2.8382978723404255,46.99999999999993,True,0.0021320989010988815
True,25.0,20.0,0.0,0.0022185549450548857,0.06176000000000004,0.0,0,0.0,0.0,2.821276595744681,46.99999999999993,True,0.0022185549450548857
True,20.0,20.0,5.0,0.002227703296704402,0.061794999999997144,0.0,0,0.0,0.0,2.823404255319149,46.99999999999993,True,0.002227703296704402
True,15.0,20.0,5.0,0.0022537197802208675,0.06239499999999626,0.0,0,0.0,0.0,2.802127659574468,46.99999999999993,True,0.0022537197802208675
True,30.0,15.0,15.0,0.0022903956043956145,0.06875000000000674,0.0,0,0.0,0.0,2.675531914893617,46.99999999999993,True,0.0022903956043956145
True,20.0,15.0,15.0,0.002438230769230962,0.06834000000000212,0.0,0,0.0,0.0,2.6563829787234043,46.99999999999993,True,0.002438230769230962
True,30.0,15.0,10.0,0.002440999999999829,0.06844000000000618,0.0,0,0.0,0.0,2.6904255319148938,46.99999999999993,True,0.002440999999999829
True,30.0,15.0,0.0,0.002468241758241576,0.06268000000000597,0.0,0,0.0,0.0,2.6595744680851063,46.99999999999993,True,0.002468241758241576
True,20.0,15.0,5.0,0.002496258241758348,0.06299500000000204,0.0,0,0.0,0.0,2.6404255319148935,46.99999999999993,True,0.002496258241758348
True,20.0,15.0,10.0,0.002499137362637415,0.062445000000002096,0.0,0,0.0,0.0,2.652127659574468,46.99999999999993,True,0.002499137362637415
True,30.0,20.0,10.0,0.0025573131868124946,0.06293000000000408,0.0,0,0.0,0.0,3.071276595744681,46.99999999999993,True,0.0025573131868124946
True,25.0,10.0,10.0,0.002568093406593124,0.06916000000000601,0.0,0,0.0,0.0,2.5446808510638297,46.99999999999993,True,0.002568093406593124
True,15.0,15.0,10.0,0.002594082417582237,0.06261000000000266,0.0,0,0.0,0.0,2.6659574468085108,46.99999999999993,True,0.002594082417582237
True,25.0,15.0,0.0,0.0026003956043957163,0.06257000000000303,0.0,0,0.0,0.0,2.651063829787234,46.99999999999993,True,0.0026003956043957163
True,15.0,15.0,5.0,0.002616763736263723,0.06258000000000247,0.0,0,0.0,0.0,2.627659574468085,46.99999999999993,True,0.002616763736263723
True,20.0,15.0,0.0,0.002616895604395259,0.06266500000000584,0.0,0,0.0,0.0,2.627659574468085,46.99999999999993,True,0.002616895604395259
True,25.0,15.0,5.0,0.0026492967032969465,0.06840000000000315,0.0,0,0.0,0.0,2.6872340425531913,46.99999999999993,True,0.0026492967032969465
True,10.0,15.0,10.0,0.0026707417582414873,0.06250000000000619,0.0,0,0.0,0.0,2.629787234042553,46.99999999999993,True,0.0026707417582414873
True,30.0,20.0,0.0,0.0026899340659334863,0.06307999999999697,0.0,0,0.0,0.0,3.081914893617021,46.99999999999993,True,0.0026899340659334863
True,15.0,15.0,0.0,0.0027329175824175682,0.062300000000002444,0.0,0,0.0,0.0,2.6021276595744682,46.99999999999993,True,0.0027329175824175682
True,30.0,10.0,10.0,0.0027464010989009563,0.06339000000000591,0.0,0,0.0,0.0,2.5840425531914892,46.99999999999993,True,0.0027464010989009563
True,25.0,10.0,15.0,0.0027709999999999896,0.06328999999999949,0.0,0,0.0,0.0,2.5393617021276595,46.99999999999993,True,0.0027709999999999896
True,30.0,20.0,5.0,0.002791071428570674,0.06390999999999736,0.0,0,0.0,0.0,3.15,46.99999999999993,True,0.002791071428570674
True,25.0,20.0,10.0,0.002973478021977536,0.06284000000000153,0.0,0,0.0,0.0,3.0691489361702127,46.99999999999993,True,0.002973478021977536
True,15.0,8.0,5.0,0.0030314780219779453,0.08286999999999972,0.0,0,0.0,0.0,2.480851063829787,46.99999999999993,True,0.0030314780219779453
True,20.0,20.0,10.0,0.003070543956044048,0.0672899999999998,0.0,0,0.0,0.0,3.0117021276595746,46.99999999999993,True,0.003070543956044048
True,20.0,8.0,0.0,0.0030893901098903984,0.07549000000000297,0.0,0,0.0,0.0,2.497872340425532,46.99999999999993,True,0.0030893901098903984
True,25.0,20.0,15.0,0.003134170329669905,0.062530000000003,0.0,0,0.0,0.0,3.098936170212766,46.99999999999993,True,0.003134170329669905
True,30.0,20.0,15.0,0.003170071428570989,0.06756000000000416,0.0,0,0.0,0.0,3.0553191489361704,46.99999999999993,True,0.003170071428570989
True,10.0,15.0,5.0,0.003192049450549065,0.06262999999999373,0.0,0,0.0,0.0,2.7106382978723405,46.99999999999993,True,0.003192049450549065
True,30.0,15.0,5.0,0.003230593406594281,0.06378000000000605,0.0,0,0.0,0.0,2.798936170212766,46.99999999999993,True,0.003230593406594281
True,10.0,8.0,0.0,0.003232115384615295,0.0826999999999998,0.0,0,0.0,0.0,2.4691489361702126,46.99999999999993,True,0.003232115384615295
True,10.0,8.0,15.0,0.0032852967032969077,0.07681000000000252,0.0,0,0.0,0.0,2.4574468085106385,46.99999999999993,True,0.0032852967032969077
True,25.0,15.0,10.0,0.0032951978021968325,0.0631900000000057,0.0,0,0.0,0.0,2.7946808510638297,46.99999999999993,True,0.0032951978021968325
True,15.0,20.0,0.0,0.0033004999999997507,0.06149499999999462,0.0,0,0.0,0.0,2.9648936170212767,46.99999999999993,True,0.0033004999999997507
True,15.0,20.0,10.0,0.0033033846153851915,0.06681499999999646,0.0,0,0.0,0.0,3.0138297872340427,46.99999999999993,True,0.0033033846153851915
True,25.0,15.0,15.0,0.0033255494505486337,0.06877000000000584,0.0,0,0.0,0.0,2.801063829787234,46.99999999999993,True,0.0033255494505486337
True,20.0,20.0,0.0,0.003372857142858012,0.060334999999995906,0.0,0,0.0,0.0,3.0404255319148934,46.99999999999993,True,0.003372857142858012
True,10.0,8.0,10.0,0.0033762527472529554,0.07708000000000251,0.0,0,0.0,0.0,2.470212765957447,46.99999999999993,True,0.0033762527472529554
True,20.0,20.0,15.0,0.0034316758241758833,0.06785999999999956,0.0,0,0.0,0.0,3.1372340425531915,46.99999999999993,True,0.0034316758241758833
True,8.0,8.0,10.0,0.003441516483516732,0.0768500000000025,0.0,0,0.0,0.0,2.4691489361702126,46.99999999999993,True,0.003441516483516732
True,10.0,15.0,0.0,0.003442719780219608,0.06263999999999403,0.0,0,0.0,0.0,2.697872340425532,46.99999999999993,True,0.003442719780219608
True,10.0,8.0,5.0,0.0034442417582419347,0.07171000000000252,0.0,0,0.0,0.0,2.4606382978723405,46.99999999999993,True,0.0034442417582419347
True,30.0,10.0,5.0,0.0034496703296704578,0.06310999999999933,0.0,0,0.0,0.0,2.630851063829787,46.99999999999993,True,0.0034496703296704578
True,8.0,15.0,0.0,0.0035060274725273004,0.06253999999999402,0.0,0,0.0,0.0,2.697872340425532,46.99999999999993,True,0.0035060274725273004
True,8.0,8.0,15.0,0.003510252747252961,0.08305000000000251,0.0,0,0.0,0.0,2.4606382978723405,46.99999999999993,True,0.003510252747252961
True,15.0,8.0,10.0,0.003549890109890648,0.08315000000000261,0.0,0,0.0,0.0,2.5585106382978724,46.99999999999993,True,0.003549890109890648
True,25.0,10.0,5.0,0.0035649065934059464,0.06336000000000591,0.0,0,0.0,0.0,2.622340425531915,46.99999999999993,True,0.0035649065934059464
True,8.0,20.0,0.0,0.0035866868131871994,0.061969999999996556,0.0,0,0.0,0.0,2.9936170212765956,46.99999999999993,True,0.0035866868131871994
True,15.0,20.0,15.0,0.0035877142857147124,0.07346499999999376,0.0,0,0.0,0.0,3.124468085106383,46.99999999999993,True,0.0035877142857147124
True,8.0,8.0,5.0,0.0036195934065935713,0.07140000000000249,0.0,0,0.0,0.0,2.4595744680851066,46.99999999999993,True,0.0036195934065935713
True,15.0,8.0,15.0,0.0036210879120883673,0.08253000000000268,0.0,0,0.0,0.0,2.575531914893617,46.99999999999993,True,0.0036210879120883673
True,10.0,20.0,5.0,0.0036248296703294157,0.062210000000001014,0.0,0,0.0,0.0,2.9085106382978725,46.99999999999993,True,0.0036248296703294157
True,20.0,10.0,0.0,0.0037099615384614064,0.06216000000000065,0.0,0,0.0,0.0,2.648936170212766,46.99999999999993,True,0.0037099615384614064
True,30.0,10.0,15.0,0.0037190989010987855,0.06959000000000083,0.0,0,0.0,0.0,2.6478723404255318,46.99999999999993,True,0.0037190989010987855
True,30.0,8.0,0.0,0.003726510989010977,0.07029999999999824,0.0,0,0.0,0.0,2.6425531914893616,46.99999999999993,True,0.003726510989010977
True,8.0,8.0,0.0,0.0037352692307691766,0.08251999999999982,0.0,0,0.0,0.0,2.4617021276595743,46.99999999999993,True,0.0037352692307691766
True,8.0,20.0,10.0,0.00373615934065932,0.06872000000000048,0.0,0,0.0,0.0,2.9372340425531913,46.99999999999993,True,0.00373615934065932
True,5.0,8.0,5.0,0.003777851648351583,0.07123999999999939,0.0,0,0.0,0.0,2.4606382978723405,46.99999999999993,True,0.003777851648351583
True,10.0,20.0,10.0,0.0037849065934069575,0.06929500000000136,0.0,0,0.0,0.0,2.927659574468085,46.99999999999993,True,0.0037849065934069575
True,25.0,8.0,0.0,0.0037965989010975403,0.07008000000000639,0.0,0,0.0,0.0,2.5361702127659576,46.99999999999993,True,0.0037965989010975403
True,5.0,15.0,5.0,0.0038032032967030486,0.061969999999995765,0.0,0,0.0,0.0,2.723404255319149,46.99999999999993,True,0.0038032032967030486
True,20.0,10.0,10.0,0.0038074120879116814,0.06285000000000379,0.0,0,0.0,0.0,2.648936170212766,46.99999999999993,True,0.0038074120879116814
True,20.0,10.0,5.0,0.003811642857142889,0.06467000000000077,0.0,0,0.0,0.0,2.65,46.99999999999993,True,0.003811642857142889
True,5.0,8.0,15.0,0.0038579120879128305,0.08319000000000208,0.0,0,0.0,0.0,2.4638297872340424,46.99999999999993,True,0.0038579120879128305
True,15.0,10.0,10.0,0.003871148351648285,0.07113000000000073,0.0,0,0.0,0.0,2.65531914893617,46.99999999999993,True,0.003871148351648285
True,30.0,10.0,0.0,0.003878747252747313,0.06283999999999929,0.0,0,0.0,0.0,2.7404255319148936,46.99999999999993,True,0.003878747252747313
True,15.0,15.0,15.0,0.003891060439559437,0.06771500000000522,0.0,0,0.0,0.0,2.798936170212766,46.99999999999993,True,0.003891060439559437
True,30.0,8.0,10.0,0.0039003516483506417,0.06949000000000524,0.0,0,0.0,0.0,2.5531914893617023,46.99999999999993,True,0.0039003516483506417
True,5.0,8.0,0.0,0.003916203296703363,0.07167000000000102,0.0,0,0.0,0.0,2.4797872340425533,46.99999999999993,True,0.003916203296703363
True,15.0,8.0,0.0,0.003924708791208865,0.07640999999999964,0.0,0,0.0,0.0,2.5170212765957447,46.99999999999993,True,0.003924708791208865
True,5.0,20.0,0.0,0.003935104395605041,0.06123999999999587,0.0,0,0.0,0.0,2.9819148936170214,46.99999999999993,True,0.003935104395605041
True,25.0,10.0,0.0,0.003936445054944776,0.06274000000000576,0.0,0,0.0,0.0,2.695744680851064,46.99999999999993,True,0.003936445054944776
True,25.0,8.0,5.0,0.0039369395604384756,0.07065000000000636,0.0,0,0.0,0.0,2.5914893617021275,46.99999999999993,True,0.0039369395604384756
True,5.0,20.0,5.0,0.003993521978022062,0.06215999999999659,0.0,0,0.0,0.0,3.122340425531915,46.99999999999993,True,0.003993521978022062
True,8.0,20.0,5.0,0.00399939010989007,0.06269000000000047,0.0,0,0.0,0.0,3.054255319148936,46.99999999999993,True,0.00399939010989007
True,10.0,10.0,5.0,0.00402182967032963,0.06502000000000085,0.0,0,0.0,0.0,2.601063829787234,46.99999999999993,True,0.00402182967032963
True,10.0,10.0,10.0,0.004028631868131808,0.06567000000000088,0.0,0,0.0,0.0,2.608510638297872,46.99999999999993,True,0.004028631868131808
True,3.0,15.0,10.0,0.004063708791209601,0.06167999999999338,0.0,0,0.0,0.0,2.8053191489361704,46.99999999999993,True,0.004063708791209601
True,2.0,15.0,10.0,0.004070258241759052,0.06167999999999338,0.0,0,0.0,0.0,2.8053191489361704,46.99999999999993,True,0.004070258241759052
True,15.0,10.0,0.0,0.0040758626373625225,0.06163000000000066,0.0,0,0.0,0.0,2.646808510638298,46.99999999999993,True,0.0040758626373625225
True,15.0,10.0,5.0,0.004083939560439605,0.06467000000000075,0.0,0,0.0,0.0,2.6691489361702128,46.99999999999993,True,0.004083939560439605
True,8.0,20.0,15.0,0.004084159340659278,0.06928000000000029,0.0,0,0.0,0.0,2.9351063829787236,46.99999999999993,True,0.004084159340659278
True,10.0,20.0,0.0,0.004096291208791081,0.06164999999999897,0.0,0,0.0,0.0,2.9393617021276595,46.99999999999993,True,0.004096291208791081
True,5.0,15.0,10.0,0.004142675824175906,0.062079999999993724,0.0,0,0.0,0.0,2.9,46.99999999999993,True,0.004142675824175906
True,30.0,8.0,5.0,0.0041955714285701095,0.06995000000000592,0.0,0,0.0,0.0,2.5595744680851062,46.99999999999993,True,0.0041955714285701095
True,3.0,15.0,0.0,0.00422115934065916,0.06187999999999574,0.0,0,0.0,0.0,2.776595744680851,46.99999999999993,True,0.00422115934065916
True,20.0,10.0,15.0,0.004275192307692262,0.06303000000000605,0.0,0,0.0,0.0,2.7393617021276597,46.99999999999993,True,0.004275192307692262
True,2.0,15.0,0.0,0.004314565934065689,0.06187999999999572,0.0,0,0.0,0.0,2.773404255319149,46.99999999999993,True,0.004314565934065689
True,5.0,8.0,10.0,0.004314824175824672,0.07174000000000208,0.0,0,0.0,0.0,2.529787234042553,46.99999999999993,True,0.004314824175824672
True,3.0,20.0,10.0,0.004323906593406602,0.06951999999999753,0.0,0,0.0,0.0,2.921276595744681,46.99999999999993,True,0.004323906593406602
True,15.0,10.0,15.0,0.004348434065934062,0.0712400000000008,0.0,0,0.0,0.0,2.74468085106383,46.99999999999993,True,0.004348434065934062
True,3.0,20.0,0.0,0.004356565934066589,0.05589999999999629,0.0,0,0.0,0.0,2.877659574468085,46.99999999999993,True,0.004356565934066589
True,2.0,15.0,5.0,0.004379170329671145,0.06124999999999342,0.0,0,0.0,0.0,2.8053191489361704,46.99999999999993,True,0.004379170329671145
True,3.0,15.0,5.0,0.004379170329671145,0.06124999999999342,0.0,0,0.0,0.0,2.8053191489361704,46.99999999999993,True,0.004379170329671145
True,10.0,10.0,15.0,0.004388697802197833,0.06902000000000089,0.0,0,0.0,0.0,2.677659574468085,46.99999999999993,True,0.004388697802197833
True,10.0,20.0,15.0,0.004391708791209125,0.07531500000000235,0.0,0,0.0,0.0,3.052127659574468,46.99999999999993,True,0.004391708791209125
True,2.0,20.0,0.0,0.004408609890110544,0.05589999999999629,0.0,0,0.0,0.0,2.877659574468085,46.99999999999993,True,0.004408609890110544
True,5.0,15.0,0.0,0.004423697802198632,0.06141999999999331,0.0,0,0.0,0.0,2.8031914893617023,46.99999999999993,True,0.004423697802198632
True,20.0,8.0,5.0,0.004429961538461618,0.0769500000000061,0.0,0,0.0,0.0,2.673404255319149,46.99999999999993,True,0.004429961538461618
True,20.0,8.0,10.0,0.004435928571428235,0.07625000000000598,0.0,0,0.0,0.0,2.677659574468085,46.99999999999993,True,0.004435928571428235
True,25.0,8.0,10.0,0.004438060439560021,0.07698000000000702,0.0,0,0.0,0.0,2.6904255319148938,46.99999999999993,True,0.004438060439560021
True,8.0,15.0,15.0,0.004456181318682257,0.06709999999999648,0.0,0,0.0,0.0,2.752127659574468,46.99999999999993,True,0.004456181318682257
True,1.0,20.0,0.0,0.004461401098901753,0.05589999999999629,0.0,0,0.0,0.0,2.877659574468085,46.99999999999993,True,0.004461401098901753
True,20.0,8.0,15.0,0.00446196153846233,0.08161000000000596,0.0,0,0.0,0.0,2.5936170212765957,46.99999999999993,True,0.00446196153846233
True,25.0,8.0,15.0,0.004466835164834928,0.07725000000000704,0.0,0,0.0,0.0,2.6861702127659575,46.99999999999993,True,0.004466835164834928
True,10.0,10.0,0.0,0.0044678956043956814,0.06408000000000086,0.0,0,0.0,0.0,2.592553191489362,46.99999999999993,True,0.0044678956043956814
True,10.0,15.0,15.0,0.004498203296703923,0.0661600000000039,0.0,0,0.0,0.0,2.777659574468085,46.99999999999993,True,0.004498203296703923
True,8.0,15.0,5.0,0.0045020384615390065,0.0622899999999955,0.0,0,0.0,0.0,2.8659574468085105,46.99999999999993,True,0.0045020384615390065
True,30.0,8.0,15.0,0.004502945054945268,0.07600000000000517,0.0,0,0.0,0.0,2.5531914893617023,46.99999999999993,True,0.004502945054945268
True,5.0,10.0,10.0,0.004528642857142674,0.06548000000000101,0.0,0,0.0,0.0,2.5861702127659574,46.99999999999993,True,0.004528642857142674
True,5.0,20.0,10.0,0.0045587087912080295,0.06950999999999655,0.0,0,0.0,0.0,3.05,46.99999999999993,True,0.0045587087912080295
True,1.0,15.0,0.0,0.004583324175823917,0.06187999999999572,0.0,0,0.0,0.0,2.797872340425532,46.99999999999993,True,0.004583324175823917
True,8.0,15.0,10.0,0.004620752747253692,0.06698999999999648,0.0,0,0.0,0.0,2.758510638297872,46.99999999999993,True,0.004620752747253692
True,5.0,15.0,15.0,0.004627708791209625,0.0675599999999957,0.0,0,0.0,0.0,2.7574468085106383,46.99999999999993,True,0.004627708791209625
True,3.0,20.0,5.0,0.00468425824175813,0.06839999999999628,0.0,0,0.0,0.0,3.0595744680851062,46.99999999999993,True,0.00468425824175813
True,1.0,15.0,5.0,0.004722016483517307,0.0615099999999934,0.0,0,0.0,0.0,2.8159574468085107,46.99999999999993,True,0.004722016483517307
True,1.0,15.0,10.0,0.004726082417582837,0.06240999999999627,0.0,0,0.0,0.0,2.8170212765957445,46.99999999999993,True,0.004726082417582837
True,8.0,10.0,0.0,0.004747247252747297,0.06428000000000084,0.0,0,0.0,0.0,2.6074468085106384,46.99999999999993,True,0.004747247252747297
True,2.0,20.0,5.0,0.004754324175824049,0.06894999999999626,0.0,0,0.0,0.0,3.0404255319148934,46.99999999999993,True,0.004754324175824049
True,5.0,10.0,15.0,0.004755972527472547,0.068800000000001,0.0,0,0.0,0.0,2.6478723404255318,46.99999999999993,True,0.004755972527472547
True,8.0,10.0,5.0,0.004798236263736304,0.06486999999999976,0.0,0,0.0,0.0,2.668085106382979,46.99999999999993,True,0.004798236263736304
True,8.0,10.0,10.0,0.0048090494505493705,0.07110000000000097,0.0,0,0.0,0.0,2.6404255319148935,46.99999999999993,True,0.0048090494505493705
True,2.0,20.0,10.0,0.004823401098900332,0.06950999999999669,0.0,0,0.0,0.0,3.0351063829787233,46.99999999999993,True,0.004823401098900332
True,1.0,20.0,10.0,0.004829939560438549,0.06943999999999587,0.0,0,0.0,0.0,3.026595744680851,46.99999999999993,True,0.004829939560438549
True,1.0,20.0,5.0,0.004873236263735556,0.07491999999999628,0.0,0,0.0,0.0,3.0531914893617023,46.99999999999993,True,0.004873236263735556
True,5.0,20.0,15.0,0.004950598901098385,0.07007999999999792,0.0,0,0.0,0.0,2.948936170212766,46.99999999999993,True,0.004950598901098385
True,15.0,5.0,10.0,0.0050254230769231824,0.0881400000000008,0.0,0,0.0,0.0,2.474468085106383,46.99999999999993,True,0.0050254230769231824
True,10.0,5.0,15.0,0.005155763736263501,0.09415000000000096,0.0,0,0.0,0.0,2.448936170212766,46.99999999999993,True,0.005155763736263501
True,8.0,10.0,15.0,0.005211818681318706,0.076740000000001,0.0,0,0.0,0.0,2.7117021276595743,46.99999999999993,True,0.005211818681318706
True,20.0,5.0,15.0,0.0052315659340657055,0.08873000000000082,0.0,0,0.0,0.0,2.4936170212765956,46.99999999999993,True,0.0052315659340657055
True,5.0,10.0,5.0,0.005238362637362901,0.06972500000000238,0.0,0,0.0,0.0,2.697872340425532,46.99999999999993,True,0.005238362637362901
True,3.0,10.0,10.0,0.005253857142857195,0.06605000000000036,0.0,0,0.0,0.0,2.5936170212765957,46.99999999999993,True,0.005253857142857195
True,10.0,5.0,10.0,0.00528529120879114,0.09436000000000075,0.0,0,0.0,0.0,2.523404255319149,46.99999999999993,True,0.00528529120879114
True,8.0,5.0,10.0,0.0052977087912081285,0.09405000000000382,0.0,0,0.0,0.0,2.425531914893617,46.99999999999993,True,0.0052977087912081285
True,5.0,10.0,0.0,0.005378758241758413,0.06451000000000098,0.0,0,0.0,0.0,2.6117021276595747,46.99999999999993,True,0.005378758241758413
True,10.0,5.0,5.0,0.005436950549450401,0.1002700000000018,0.0,0,0.0,0.0,2.527659574468085,46.99999999999993,True,0.005436950549450401
True,8.0,5.0,15.0,0.005478379120878589,0.09339000000000375,0.0,0,0.0,0.0,2.4436170212765957,46.99999999999993,True,0.005478379120878589
True,10.0,5.0,0.0,0.005546609890110114,0.0949900000000008,0.0,0,0.0,0.0,2.4574468085106385,46.99999999999993,True,0.005546609890110114
True,8.0,5.0,0.0,0.005553582417582737,0.08194500000000371,0.0,0,0.0,0.0,2.4148936170212765,46.99999999999993,True,0.005553582417582737
True,15.0,5.0,15.0,0.005561153846153988,0.09278000000000201,0.0,0,0.0,0.0,2.4648936170212767,46.99999999999993,True,0.005561153846153988
True,3.0,8.0,5.0,0.005602236263736442,0.07132000000000077,0.0,0,0.0,0.0,2.522340425531915,46.99999999999993,True,0.005602236263736442
True,2.0,8.0,10.0,0.005632313186813402,0.08260000000000077,0.0,0,0.0,0.0,2.522340425531915,46.99999999999993,True,0.005632313186813402
True,15.0,5.0,5.0,0.005709115384615521,0.08219000000000079,0.0,0,0.0,0.0,2.5446808510638297,46.99999999999993,True,0.005709115384615521
True,20.0,5.0,10.0,0.005732730769230904,0.09319000000000066,0.0,0,0.0,0.0,2.574468085106383,46.99999999999993,True,0.005732730769230904
True,25.0,5.0,0.0,0.0057856098901101745,0.09395999999999588,0.0,0,0.0,0.0,2.5638297872340425,46.99999999999993,True,0.0057856098901101745
True,20.0,5.0,5.0,0.005837445054945023,0.08271999999999952,0.0,0,0.0,0.0,2.65531914893617,46.99999999999993,True,0.005837445054945023
True,3.0,10.0,15.0,0.005850049450549533,0.07782000000000036,0.0,0,0.0,0.0,2.6659574468085108,46.99999999999993,True,0.005850049450549533
True,5.0,5.0,15.0,0.00586329670329615,0.10580000000000375,0.0,0,0.0,0.0,2.40531914893617,46.99999999999993,True,0.00586329670329615
True,20.0,5.0,0.0,0.0058711153846153115,0.08257499999999966,0.0,0,0.0,0.0,2.5872340425531917,46.99999999999993,True,0.0058711153846153115
True,15.0,5.0,0.0,0.005951521978022104,0.08235000000000073,0.0,0,0.0,0.0,2.546808510638298,46.99999999999993,True,0.005951521978022104
True,8.0,5.0,5.0,0.005976576923076864,0.09358000000000363,0.0,0,0.0,0.0,2.4893617021276597,46.99999999999993,True,0.005976576923076864
True,25.0,5.0,15.0,0.006065939560439499,0.08881500000000066,0.0,0,0.0,0.0,2.627659574468085,46.99999999999993,True,0.006065939560439499
True,2.0,8.0,5.0,0.006200653846153746,0.05076000000000107,0.0,0,0.0,0.0,2.4872340425531916,46.99999999999993,True,0.006200653846153746
True,3.0,20.0,15.0,0.006200719780219716,0.0820499999999978,0.0,0,0.0,0.0,2.9627659574468086,46.99999999999993,True,0.006200719780219716
True,2.0,15.0,15.0,0.006270126373627028,0.06737999999999768,0.0,0,0.0,0.0,2.8085106382978724,46.99999999999993,True,0.006270126373627028
True,1.0,15.0,15.0,0.00629841208791299,0.06704999999999448,0.0,0,0.0,0.0,2.8106382978723405,46.99999999999993,True,0.00629841208791299
True,2.0,20.0,15.0,0.00638585164835158,0.0823499999999977,0.0,0,0.0,0.0,2.9648936170212767,46.99999999999993,True,0.00638585164835158
True,3.0,15.0,15.0,0.006558159340660567,0.0666499999999933,0.0,0,0.0,0.0,2.831914893617021,46.99999999999993,True,0.006558159340660567
True,1.0,20.0,15.0,0.006804928571428414,0.0823499999999977,0.0,0,0.0,0.0,2.9638297872340424,46.99999999999993,True,0.006804928571428414
True,1.0,8.0,0.0,0.00681536813186865,0.04999000000000449,0.0,0,0.0,0.0,2.4468085106382977,46.99999999999993,True,0.00681536813186865
True,25.0,5.0,10.0,0.007074175824175667,0.08929999999999925,0.0,0,0.0,0.0,2.6808510638297873,46.99999999999993,True,0.007074175824175667
True,2.0,10.0,10.0,0.0071805604395605,0.07776000000000036,0.0,0,0.0,0.0,2.668085106382979,46.99999999999993,True,0.0071805604395605
True,2.0,10.0,0.0,0.007203269230769126,0.06488000000000069,0.0,0,0.0,0.0,2.7074468085106385,46.99999999999993,True,0.007203269230769126
True,3.0,10.0,0.0,0.007223005494505414,0.0655700000000011,0.0,0,0.0,0.0,2.6691489361702128,46.99999999999993,True,0.007223005494505414
True,30.0,5.0,15.0,0.007231879120879198,0.08880999999999954,0.0,0,0.0,0.0,2.728723404255319,46.99999999999993,True,0.007231879120879198
True,30.0,5.0,0.0,0.007238824175824008,0.08978999999999938,0.0,0,0.0,0.0,2.7138297872340424,46.99999999999993,True,0.007238824175824008
True,25.0,5.0,5.0,0.0072418351648352,0.08909999999999944,0.0,0,0.0,0.0,2.7053191489361703,46.99999999999993,True,0.0072418351648352
True,3.0,8.0,10.0,0.007338153846153812,0.08267000000000511,0.0,0,0.0,0.0,2.5382978723404257,46.99999999999993,True,0.007338153846153812
True,2.0,10.0,15.0,0.007401071428571505,0.07782000000000036,0.0,0,0.0,0.0,2.6670212765957446,46.99999999999993,True,0.007401071428571505
True,3.0,8.0,15.0,0.0074840769230770906,0.07749000000000511,0.0,0,0.0,0.0,2.5319148936170213,46.99999999999993,True,0.0074840769230770906
True,2.0,8.0,15.0,0.007503219780220865,0.10643000000000238,0.0,0,0.0,0.0,2.4638297872340424,46.99999999999993,True,0.007503219780220865
True,3.0,10.0,5.0,0.007519450549450504,0.06672000000000108,0.0,0,0.0,0.0,2.598936170212766,46.99999999999993,True,0.007519450549450504
True,5.0,5.0,5.0,0.007621219780219626,0.0993850000000008,0.0,0,0.0,0.0,2.4851063829787234,46.99999999999993,True,0.007621219780219626
True,30.0,5.0,10.0,0.0077050000000001015,0.08978999999999933,0.0,0,0.0,0.0,2.702127659574468,46.99999999999993,True,0.0077050000000001015
True,5.0,5.0,10.0,0.007719406593406441,0.09405000000000369,0.0,0,0.0,0.0,2.425531914893617,46.99999999999993,True,0.007719406593406441
True,1.0,10.0,0.0,0.007720895604395505,0.06518000000000065,0.0,0,0.0,0.0,2.6563829787234043,46.99999999999993,True,0.007720895604395505
True,30.0,5.0,5.0,0.00790154395604412,0.09014499999999805,0.0,0,0.0,0.0,2.725531914893617,46.99999999999993,True,0.00790154395604412
True,5.0,5.0,0.0,0.008241928571427515,0.0708450000000043,0.0,0,0.0,0.0,2.4117021276595745,46.99999999999993,True,0.008241928571427515
True,2.0,10.0,5.0,0.008406368131868344,0.07855000000000106,0.0,0,0.0,0.0,2.5968085106382977,46.99999999999993,True,0.008406368131868344
True,1.0,10.0,10.0,0.008444895604395666,0.07810000000000036,0.0,0,0.0,0.0,2.617021276595745,46.99999999999993,True,0.008444895604395666
True,1.0,10.0,5.0,0.008580972527472738,0.07855000000000106,0.0,0,0.0,0.0,2.59468085106383,46.99999999999993,True,0.008580972527472738
True,3.0,8.0,0.0,0.008927467032965913,0.05387999999999906,0.0,0,0.0,0.0,2.442553191489362,46.99999999999993,True,0.008927467032965913
True,1.0,8.0,10.0,0.008976851648352055,0.10630000000000109,0.0,0,0.0,0.0,2.4617021276595743,46.99999999999993,True,0.008976851648352055
True,3.0,5.0,0.0,0.009041153846153662,0.09234500000000113,0.0,0,0.0,0.0,2.442553191489362,46.99999999999993,True,0.009041153846153662
True,1.0,8.0,5.0,0.009310851648351822,0.056950000000003914,0.0,0,0.0,0.0,2.5063829787234044,46.99999999999993,True,0.009310851648351822
True,5.0,2.0,0.0,0.00933765934065949,0.14992000000000066,0.0,0,0.0,0.0,2.4202127659574466,46.99999999999993,True,0.00933765934065949
True,2.0,8.0,0.0,0.009528796703295742,0.056950000000003914,0.0,0,0.0,0.0,2.5074468085106383,46.99999999999993,True,0.009528796703295742
True,1.0,10.0,15.0,0.0097384285714287,0.08905000000000055,0.0,0,0.0,0.0,2.695744680851064,46.99999999999993,True,0.0097384285714287
True,5.0,2.0,10.0,0.009771247252747306,0.16062000000000046,0.0,0,0.0,0.0,2.5393617021276595,46.99999999999993,True,0.009771247252747306
True,8.0,2.0,10.0,0.00983373626373641,0.1356100000000004,0.0,0,0.0,0.0,2.545744680851064,46.99999999999993,True,0.00983373626373641
True,8.0,2.0,0.0,0.009870170329669761,0.138794999999997,0.0,0,0.0,0.0,2.5638297872340425,46.99999999999993,True,0.009870170329669761
True,5.0,2.0,5.0,0.009901967032966997,0.14341000000000043,0.0,0,0.0,0.0,2.497872340425532,46.99999999999993,True,0.009901967032966997
True,8.0,2.0,5.0,0.010205999999999962,0.13267500000000038,0.0,0,0.0,0.0,2.545744680851064,46.99999999999993,True,0.010205999999999962
True,3.0,5.0,15.0,0.010641692307692229,0.10517000000000071,0.0,0,0.0,0.0,2.453191489361702,46.99999999999993,True,0.010641692307692229
True,5.0,2.0,15.0,0.010963368131868174,0.1449200000000005,0.0,0,0.0,0.0,2.5627659574468087,46.99999999999993,True,0.010963368131868174
True,10.0,2.0,10.0,0.011170412087912283,0.1298549999999999,0.0,0,0.0,0.0,2.651063829787234,46.99999999999993,True,0.011170412087912283
True,10.0,2.0,5.0,0.011216912087912076,0.12990000000000057,0.0,0,0.0,0.0,2.6617021276595745,46.99999999999993,True,0.011216912087912076
True,1.0,5.0,0.0,0.011560956043955914,0.0698200000000014,0.0,0,0.0,0.0,2.4202127659574466,46.99999999999993,True,0.011560956043955914
True,1.0,8.0,15.0,0.011630241758241794,0.10640000000000392,0.0,0,0.0,0.0,2.476595744680851,46.99999999999993,True,0.011630241758241794
True,2.0,5.0,0.0,0.01191613186813173,0.10451500000000105,0.0,0,0.0,0.0,2.3904255319148935,46.99999999999993,True,0.01191613186813173
True,8.0,2.0,15.0,0.012043670329670957,0.15207999999999783,0.0,0,0.0,0.0,2.581914893617021,46.99999999999993,True,0.012043670329670957
True,1.0,5.0,5.0,0.012123934065933931,0.09516500000000107,0.0,0,0.0,0.0,2.445744680851064,46.99999999999993,True,0.012123934065933931
True,10.0,2.0,0.0,0.01218607692307696,0.13783000000000062,0.0,0,0.0,0.0,2.717021276595745,46.99999999999993,True,0.01218607692307696
True,10.0,2.0,15.0,0.012445098901099018,0.12999999999999978,0.0,0,0.0,0.0,2.7053191489361703,46.99999999999993,True,0.012445098901099018
True,15.0,2.0,0.0,0.012521054945054908,0.12039499999999749,0.0,0,0.0,0.0,2.698936170212766,46.99999999999993,True,0.012521054945054908
True,3.0,5.0,10.0,0.012661302197802288,0.07935500000000006,0.0,0,0.0,0.0,2.49468085106383,46.99999999999993,True,0.012661302197802288
True,3.0,5.0,5.0,0.012840115384615472,0.0703850000000002,0.0,0,0.0,0.0,2.4861702127659573,46.99999999999993,True,0.012840115384615472
True,2.0,5.0,10.0,0.012847181318681419,0.0700950000000002,0.0,0,0.0,0.0,2.4851063829787234,46.99999999999993,True,0.012847181318681419
True,3.0,2.0,10.0,0.012866082417582407,0.15041499999999947,0.0,0,0.0,0.0,2.4893617021276597,46.99999999999993,True,0.012866082417582407
True,2.0,5.0,15.0,0.012981423076923154,0.11210499999999977,0.0,0,0.0,0.0,2.5,46.99999999999993,True,0.012981423076923154
True,1.0,5.0,10.0,0.013031241758241765,0.09533500000000127,0.0,0,0.0,0.0,2.4680851063829787,46.99999999999993,True,0.013031241758241765
True,2.0,5.0,5.0,0.013053901098900854,0.07343500000000143,0.0,0,0.0,0.0,2.4882978723404254,46.99999999999993,True,0.013053901098900854
True,3.0,2.0,15.0,0.013909082417582463,0.1665249999999995,0.0,0,0.0,0.0,2.4404255319148938,46.99999999999993,True,0.013909082417582463
True,3.0,2.0,5.0,0.013973093406593308,0.14974499999999955,0.0,0,0.0,0.0,2.4372340425531913,46.99999999999993,True,0.013973093406593308
True,1.0,5.0,15.0,0.014114269230769244,0.07062500000000006,0.0,0,0.0,0.0,2.4712765957446807,46.99999999999993,True,0.014114269230769244
True,15.0,2.0,5.0,0.014171862637362993,0.14551499999999745,0.0,0,0.0,0.0,2.7851063829787233,46.99999999999993,True,0.014171862637362993
True,2.0,2.0,15.0,0.014328307692307677,0.16888499999999979,0.0,0,0.0,0.0,2.424468085106383,46.99999999999993,True,0.014328307692307677
True,2.0,2.0,10.0,0.014604296703296646,0.1745749999999995,0.0,0,0.0,0.0,2.428723404255319,46.99999999999993,True,0.014604296703296646
True,3.0,2.0,0.0,0.014779670329670412,0.1533200000000011,0.0,0,0.0,0.0,2.4351063829787236,46.99999999999993,True,0.014779670329670412
True,20.0,2.0,0.0,0.015987175824176247,0.12390999999999892,0.0,0,0.0,0.0,2.9712765957446807,46.99999999999993,True,0.015987175824176247
True,15.0,2.0,15.0,0.016232307692307633,0.14769499999999838,0.0,0,0.0,0.0,2.880851063829787,46.99999999999993,True,0.016232307692307633
True,15.0,2.0,10.0,0.017049873626373706,0.1271250000000012,0.0,0,0.0,0.0,2.9382978723404256,46.99999999999993,True,0.017049873626373706
True,20.0,2.0,5.0,0.02011077472527342,0.1468200000000091,0.0,0,0.0,0.0,3.0936170212765957,46.99999999999993,True,0.02011077472527342
True,20.0,2.0,10.0,0.02213273626373648,0.1340850000000142,0.0,0,0.0,0.0,3.273404255319149,46.99999999999993,True,0.02213273626373648
True,25.0,2.0,0.0,0.024706873626373582,0.15999000000000083,0.0,0,0.0,0.0,3.5351063829787233,46.99999999999993,True,0.024706873626373582
True,2.0,2.0,5.0,0.026006736263736563,0.13478499999999763,0.0,0,0.0,0.0,2.40531914893617,46.99999999999993,True,0.026006736263736563
True,2.0,2.0,0.0,0.027149109890109917,0.12281500000000013,0.0,0,0.0,0.0,2.3648936170212767,46.99999999999993,True,0.027149109890109917
True,1.0,2.0,15.0,0.02725135714285711,0.15207499999999974,0.0,0,0.0,0.0,2.452127659574468,46.99999999999993,True,0.02725135714285711
True,1.0,2.0,10.0,0.02842669230769209,0.16761500000000107,0.0,0,0.0,0.0,2.3521276595744682,46.99999999999993,True,0.02842669230769209
True,20.0,2.0,15.0,0.029481318681317138,0.13870499999998773,0.0,0,0.0,0.0,3.431914893617021,46.99999999999993,True,0.029481318681317138
True,1.0,2.0,5.0,0.029902928571428643,0.1504050000000002,0.0,0,0.0,0.0,2.369148936170213,46.99999999999993,True,0.029902928571428643
True,1.0,2.0,0.0,0.032298543956044035,0.12063499999999965,0.0,0,0.0,0.0,2.3680851063829786,46.99999999999993,True,0.032298543956044035
True,25.0,2.0,5.0,0.05845536813186659,0.24346500000000265,0.042553191489361764,0,0.0,0.0,4.826595744680851,46.99999999999993,True,0.08398728302548364
True,1.0,0.0,5.0,0.4396480188679248,0.999995000000002,0.042553191489361764,0,0.0,0.0,10.886170212765958,46.99999999999993,True,0.4651799337615419
True,2.0,0.0,0.0,0.3991787769328265,0.9953600000000002,0.14893617021276617,0,0.0,0.0,11.341489361702127,46.99999999999993,True,0.4885404790604862
True,1.0,0.0,0.0,0.4632043696450431,0.9949000000000005,0.042553191489361764,0,0.0,0.0,8.926595744680851,46.99999999999993,True,0.48873628453866014
True,25.0,2.0,10.0,0.2562467246596067,0.9816800000000003,0.46808510638297945,0,0.0,0.0,25.64468085106383,46.99999999999993,True,0.5370977884893944
True,1.0,0.0,15.0,0.5403929149232917,0.9929900000000007,0.06382978723404265,0,0.0,0.0,15.706382978723404,46.99999999999993,True,0.5786907872637173
True,3.0,0.0,5.0,0.5152095948012234,0.9906200000000005,0.14893617021276617,0,0.0,0.0,20.58723404255319,46.99999999999993,True,0.6045712969288831
True,25.0,2.0,15.0,0.3310646141215108,0.9984900000000003,0.46808510638297945,0,0.0,0.0,30.24255319148936,46.99999999999993,True,0.6119156779512984
True,3.0,0.0,0.0,0.5191790207715135,0.9991200000000005,0.17021276595744705,0,0.0,0.0,19.959574468085105,46.99999999999993,True,0.6213066803459817
True,1.0,0.0,10.0,0.5210239290495317,0.991380000000001,0.19148936170212794,0,0.0,0.0,13.678723404255319,46.99999999999993,True,0.6359175460708084
True,30.0,2.0,0.0,0.26181627992633516,0.9998900000000003,0.6808510638297882,0,0.0,0.0,30.92340425531915,46.99999999999993,True,0.6703269182242081
True,30.0,2.0,5.0,0.2508625162337661,0.9977900000000007,0.7021276595744691,0,0.0,0.0,28.85,46.99999999999993,True,0.6721391119784476
True,3.0,0.0,10.0,0.5155932142857144,0.9961100000000004,0.361702127659575,0,0.0,0.0,21.24787234042553,46.99999999999993,True,0.7326144908814594
True,30.0,2.0,10.0,0.25642622448979596,0.9641550000000011,0.8085106382978735,0,0.0,0.0,31.195744680851064,46.99999999999993,True,0.74153260746852
True,2.0,0.0,10.0,0.5375618276374444,0.9971400000000006,0.3404255319148941,0,0.0,0.0,18.092553191489362,46.99999999999993,True,0.7418171467863809
True,5.0,0.0,15.0,0.5023276785714287,0.9657400000000007,0.40425531914893675,0,0.0,0.0,24.432978723404254,46.99999999999993,True,0.7448808700607907
True,2.0,0.0,15.0,0.5310605357142859,0.9952000000000004,0.361702127659575,0,0.0,0.0,19.488297872340425,46.99999999999993,True,0.7480818123100309
True,2.0,0.0,5.0,0.5327791219158202,0.9991500000000006,0.361702127659575,0,0.0,0.0,16.807446808510637,46.99999999999993,True,0.7498003985115652
True,3.0,0.0,15.0,0.5134287812500001,0.9965350000000003,0.40425531914893675,0,0.0,0.0,21.254255319148935,46.99999999999993,True,0.7559819727393622
True,10.0,0.0,5.0,0.510699871559633,0.9815500000000007,0.4255319148936177,0,0.0,0.0,30.623404255319148,46.99999999999993,True,0.7660190204958036
True,5.0,0.0,0.0,0.4494953215434085,0.9907800000000004,0.531914893617022,0,0.0,0.0,23.740425531914894,46.99999999999993,True,0.7686442577136217
True,10.0,0.0,0.0,0.5138672361359571,0.9644700000000004,0.4255319148936177,0,0.0,0.0,29.870212765957447,46.99999999999993,True,0.7691863850721277
True,25.0,0.0,0.0,0.49290219222462206,0.9000149999999999,0.46808510638297945,0,0.0,0.0,39.45957446808511,46.99999999999993,True,0.7737532560544097
True,25.0,0.0,5.0,0.4958673974082074,0.912565000000001,0.46808510638297945,0,0.0,0.0,39.54468085106383,46.99999999999993,True,0.776718461237995
True,25.0,0.0,10.0,0.4976499240780911,0.9289000000000003,0.46808510638297945,0,0.0,0.0,39.65744680851064,46.99999999999993,True,0.7785009879078788
True,10.0,0.0,10.0,0.5133535727440147,0.9930300000000004,0.4468085106382986,0,0.0,0.0,30.711702127659574,46.99999999999993,True,0.7814386791269938
True,25.0,0.0,15.0,0.5021743736501081,0.9933000000000003,0.46808510638297945,0,0.0,0.0,39.78617021276596,46.99999999999993,True,0.7830254374798957
True,8.0,0.0,5.0,0.4427363451327434,0.9921699999999999,0.5744680851063838,0,0.0,0.0,28.009574468085106,46.99999999999993,True,0.7874171961965737
True,8.0,0.0,15.0,0.4979686600719425,0.9979000000000002,0.48936170212766034,0,0.0,0.0,28.879787234042553,46.99999999999993,True,0.7915856813485387
True,15.0,0.0,5.0,0.49196282809611835,0.9958100000000008,0.531914893617022,0,0.0,0.0,32.58191489361702,46.99999999999993,True,0.8111117642663316
True,8.0,0.0,10.0,0.5083296875,0.9994500000000004,0.5106382978723412,0,0.0,0.0,28.713829787234044,46.99999999999993,True,0.8147126662234047
True,15.0,0.0,15.0,0.5188598409542744,0.9889500000000004,0.5106382978723412,0,0.0,0.0,34.57872340425532,46.99999999999993,True,0.8252428196776791
True,5.0,0.0,5.0,0.502458292880259,0.9964600000000002,0.5531914893617029,0,0.0,0.0,24.620212765957447,46.99999999999993,True,0.8343731864972808
True,15.0,0.0,0.0,0.5197076871401153,0.9821400000000003,0.531914893617022,0,0.0,0.0,34.06808510638298,46.99999999999993,True,0.8388566233103285
True,15.0,0.0,10.0,0.5167484600000001,0.9799500000000003,0.5531914893617029,0,0.0,0.0,34.43829787234043,46.99999999999993,True,0.8486633536170218
True,30.0,2.0,15.0,0.31368068468468474,0.9,0.8936170212765971,0,0.0,0.0,33.314893617021276,46.99999999999993,True,0.8498508974506429
True,8.0,0.0,0.0,0.4705803076923077,0.9946400000000003,0.6382978723404265,0,0.0,0.0,26.885106382978723,46.99999999999993,True,0.8535590310965635
True,5.0,0.0,10.0,0.5191351149425288,0.9967100000000004,0.5744680851063838,0,0.0,0.0,23.951063829787234,46.99999999999993,True,0.8638159660063591
True,10.0,0.0,15.0,0.5104387108655617,0.9565000000000003,0.7446808510638309,0,0.0,0.0,30.74148936170213,46.99999999999993,True,0.9572472215038602
True,20.0,0.0,10.0,0.4633541407867495,0.9916400000000003,0.8510638297872354,0,0.0,0.0,36.88297872340426,46.99999999999993,True,0.9739924386590907
True,20.0,0.0,0.0,0.4520668904958679,0.9790500000000004,0.9361702127659589,0,0.0,0.0,36.58085106382979,46.99999999999993,True,1.0137690181554433
True,20.0,0.0,15.0,0.4955318452380953,0.9802450000000003,0.8723404255319163,0,0.0,0.0,36.37765957446808,46.99999999999993,True,1.018936100557245
True,20.0,0.0,5.0,0.46152306818181826,0.9790500000000004,0.9361702127659589,0,0.0,0.0,36.72234042553192,46.99999999999993,True,1.0232251958413936
True,30.0,0.0,15.0,0.4913668456375839,0.9953500000000003,1.0000000000000016,0,0.0,0.0,41.16702127659575,46.99999999999993,True,1.0913668456375847
True,30.0,0.0,10.0,0.4954337196467991,0.9982100000000005,1.0000000000000016,0,0.0,0.0,40.72446808510638,46.99999999999993,True,1.0954337196468
True,30.0,0.0,0.0,0.5157143520518359,0.9803050000000001,1.0000000000000016,0,0.0,0.0,40.708510638297874,46.99999999999993,True,1.1157143520518367
True,30.0,0.0,5.0,0.5199526367614881,0.9953100000000005,1.0000000000000016,0,0.0,0.0,40.63085106382979,46.99999999999993,True,1.119952636761489
