tiempo,tipo,detalle
356706.906,cambio_estado,SEGUIR_LINEA->LINEA_PERDIDA: línea inválida
356706.953,cambio_estado,LINEA_PERDIDA->SEGUIR_LINEA: línea recuperada
356707.125,cambio_estado,SEGUIR_LINEA->LINEA_PERDIDA: línea inválida
356707.14,cambio_estado,LINEA_PERDIDA->SEGUIR_LINEA: línea recuperada
356708.125,cambio_estado,SEGUIR_LINEA->LINEA_PERDIDA: línea inválida
356708.203,cambio_estado,LINEA_PERDIDA->SEGUIR_LINEA: línea recuperada
356708.265,cambio_estado,SEGUIR_LINEA->LINEA_PERDIDA: línea inválida
356708.281,cambio_estado,LINEA_PERDIDA->SEGUIR_LINEA: línea recuperada
356709.437,cambio_estado,SEGUIR_LINEA->LINEA_PERDIDA: línea inválida
356709.453,cambio_estado,LINEA_PERDIDA->SEGUIR_LINEA: línea recuperada
356710.703,cambio_estado,SEGUIR_LINEA->LINEA_PERDIDA: línea inválida
356710.734,cambio_estado,LINEA_PERDIDA->SEGUIR_LINEA: línea recuperada
356711.609,cambio_estado,SEGUIR_LINEA->LINEA_PERDIDA: línea inválida
356711.703,cambio_estado,LINEA_PERDIDA->SEGUIR_LINEA: línea recuperada
356711.906,cambio_estado,SEGUIR_LINEA->LINEA_PERDIDA: línea inválida
356712.078,cambio_estado,LINEA_PERDIDA->SEGUIR_LINEA: línea recuperada
356712.171,cambio_estado,SEGUIR_LINEA->LINEA_PERDIDA: línea inválida
356712.343,cambio_estado,LINEA_PERDIDA->SEGUIR_LINEA: línea recuperada
356712.671,cambio_estado,SEGUIR_LINEA->LINEA_PERDIDA: línea inválida
356712.812,cambio_estado,LINEA_PERDIDA->SEGUIR_LINEA: línea recuperada
356712.875,cambio_estado,SEGUIR_LINEA->LINEA_PERDIDA: línea inválida
356713.109,cambio_estado,LINEA_PERDIDA->SEGUIR_LINEA: línea recuperada
356717.468,cambio_estado,SEGUIR_LINEA->LINEA_PERDIDA: línea inválida
356717.515,cambio_estado,LINEA_PERDIDA->SEGUIR_LINEA: línea recuperada
356717.718,cambio_estado,SEGUIR_LINEA->LINEA_PERDIDA: línea inválida
356717.765,cambio_estado,LINEA_PERDIDA->SEGUIR_LINEA: línea recuperada
356718.0,cambio_estado,SEGUIR_LINEA->LINEA_PERDIDA: línea inválida
356718.203,cambio_estado,LINEA_PERDIDA->SEGUIR_LINEA: línea recuperada
356729.875,cambio_estado,SEGUIR_LINEA->LINEA_PERDIDA: línea inválida
356730.031,cambio_estado,LINEA_PERDIDA->SEGUIR_LINEA: línea recuperada
356731.0,cambio_estado,SEGUIR_LINEA->LINEA_PERDIDA: línea inválida
356731.265,cambio_estado,LINEA_PERDIDA->SEGUIR_LINEA: línea recuperada
356731.312,cambio_estado,SEGUIR_LINEA->LINEA_PERDIDA: línea inválida
356731.906,cambio_estado,LINEA_PERDIDA->SEGUIR_LINEA: línea recuperada
356731.937,cambio_estado,SEGUIR_LINEA->LINEA_PERDIDA: línea inválida
356731.968,cambio_estado,LINEA_PERDIDA->SEGUIR_LINEA: línea recuperada
356732.265,cambio_estado,SEGUIR_LINEA->LINEA_PERDIDA: línea inválida
356732.296,cambio_estado,LINEA_PERDIDA->SEGUIR_LINEA: línea recuperada
356732.328,cambio_estado,SEGUIR_LINEA->LINEA_PERDIDA: línea inválida
356732.734,cambio_estado,LINEA_PERDIDA->SEGUIR_LINEA: línea recuperada
356732.765,cambio_estado,SEGUIR_LINEA->LINEA_PERDIDA: línea inválida
356733.203,cambio_estado,LINEA_PERDIDA->SEGUIR_LINEA: línea recuperada
356733.234,cambio_estado,SEGUIR_LINEA->LINEA_PERDIDA: línea inválida
356733.375,cambio_estado,LINEA_PERDIDA->SEGUIR_LINEA: línea recuperada
356733.453,cambio_estado,SEGUIR_LINEA->LINEA_PERDIDA: línea inválida
356733.531,cambio_estado,LINEA_PERDIDA->SEGUIR_LINEA: línea recuperada
356733.593,cambio_estado,SEGUIR_LINEA->LINEA_PERDIDA: línea inválida
356734.046,cambio_estado,LINEA_PERDIDA->SEGUIR_LINEA: línea recuperada
356734.078,cambio_estado,SEGUIR_LINEA->LINEA_PERDIDA: línea inválida
356734.109,cambio_estado,LINEA_PERDIDA->SEGUIR_LINEA: línea recuperada
356734.468,cambio_estado,SEGUIR_LINEA->LINEA_PERDIDA: línea inválida
356734.5,cambio_estado,LINEA_PERDIDA->SEGUIR_LINEA: línea recuperada
356739.375,cambio_estado,SEGUIR_LINEA->LINEA_PERDIDA: línea inválida
356740.0,cambio_estado,LINEA_PERDIDA->SEGUIR_LINEA: línea recuperada
356740.062,cambio_estado,SEGUIR_LINEA->LINEA_PERDIDA: línea inválida
356740.093,cambio_estado,LINEA_PERDIDA->SEGUIR_LINEA: línea recuperada
356740.203,cambio_estado,SEGUIR_LINEA->LINEA_PERDIDA: línea inválida
356741.578,cambio_estado,LINEA_PERDIDA->SEGUIR_LINEA: línea recuperada
356741.703,cambio_estado,SEGUIR_LINEA->LINEA_PERDIDA: línea inválida
356741.796,cambio_estado,LINEA_PERDIDA->SEGUIR_LINEA: línea recuperada
356741.875,cambio_estado,SEGUIR_LINEA->LINEA_PERDIDA: línea inválida
356742.468,cambio_estado,LINEA_PERDIDA->SEGUIR_LINEA: línea recuperada
356742.546,cambio_estado,SEGUIR_LINEA->LINEA_PERDIDA: línea inválida
356742.578,cambio_estado,LINEA_PERDIDA->SEGUIR_LINEA: línea recuperada
356754.562,cambio_estado,SEGUIR_LINEA->LINEA_PERDIDA: línea inválida
356754.593,cambio_estado,LINEA_PERDIDA->SEGUIR_LINEA: línea recuperada
356773.937,cambio_estado,SEGUIR_LINEA->LINEA_PERDIDA: línea inválida
356773.968,cambio_estado,LINEA_PERDIDA->SEGUIR_LINEA: línea recuperada
356778.093,cambio_estado,SEGUIR_LINEA->LINEA_PERDIDA: línea inválida
356778.14,cambio_estado,LINEA_PERDIDA->SEGUIR_LINEA: línea recuperada
356778.203,cambio_estado,SEGUIR_LINEA->LINEA_PERDIDA: línea inválida
356778.265,cambio_estado,LINEA_PERDIDA->SEGUIR_LINEA: línea recuperada
356778.343,cambio_estado,SEGUIR_LINEA->LINEA_PERDIDA: línea inválida
356778.562,cambio_estado,LINEA_PERDIDA->SEGUIR_LINEA: línea recuperada
356778.593,cambio_estado,SEGUIR_LINEA->LINEA_PERDIDA: línea inválida
356778.64,cambio_estado,LINEA_PERDIDA->SEGUIR_LINEA: línea recuperada
356779.437,cambio_estado,SEGUIR_LINEA->LINEA_PERDIDA: línea inválida
356779.453,cambio_estado,LINEA_PERDIDA->SEGUIR_LINEA: línea recuperada
356780.265,cambio_estado,SEGUIR_LINEA->LINEA_PERDIDA: línea inválida
356780.281,cambio_estado,LINEA_PERDIDA->SEGUIR_LINEA: línea recuperada
356790.968,cambio_estado,SEGUIR_LINEA->LINEA_PERDIDA: línea inválida
356791.0,cambio_estado,LINEA_PERDIDA->SEGUIR_LINEA: línea recuperada
356791.25,cambio_estado,SEGUIR_LINEA->LINEA_PERDIDA: línea inválida
356791.281,cambio_estado,LINEA_PERDIDA->SEGUIR_LINEA: línea recuperada
356796.031,cambio_estado,SEGUIR_LINEA->LINEA_PERDIDA: línea inválida
356796.671,cambio_estado,LINEA_PERDIDA->SEGUIR_LINEA: línea recuperada
356796.703,cambio_estado,SEGUIR_LINEA->LINEA_PERDIDA: línea inválida
356796.843,cambio_estado,LINEA_PERDIDA->SEGUIR_LINEA: línea recuperada
356796.875,cambio_estado,SEGUIR_LINEA->LINEA_PERDIDA: línea inválida
